date,shamsi,usd_t,coin_t
2012-01-17,1390-10-27,1740,753000
2012-01-18,1390-10-28,1820,772000
2012-01-19,1390-10-29,1820,781000
2012-01-21,1390-11-01,1900,915000
2012-01-23,1390-11-03,2100,1010000
2012-01-25,1390-11-05,1900,800000
2012-01-26,1390-11-06,1700,780000
2012-01-28,1390-11-08,1770,795000
2012-01-29,1390-11-09,1830,840000
2012-01-30,1390-11-10,1830,840000
2012-02-01,1390-11-12,1830,769000
2012-02-04,1390-11-15,1775,805000
2012-02-05,1390-11-16,1850,832000
2012-02-06,1390-11-17,1880,815000
2012-02-07,1390-11-18,1890,819000
2012-02-08,1390-11-19,1920,835000
2012-02-12,1390-11-23,1940,823000
2012-02-13,1390-11-24,1900,815000
2012-02-14,1390-11-25,1935,810000
2012-02-15,1390-11-26,1950,824000
2012-02-16,1390-11-27,1960,814000
2012-02-18,1390-11-29,1940,814000
2012-02-19,1390-11-30,1920,812000
2012-02-20,1390-12-01,1940,816000
2012-02-21,1390-12-02,1945,816000
2012-02-22,1390-12-03,1935,808000
2012-02-23,1390-12-04,1935,812000
2012-02-26,1390-12-07,1930,810000
2012-02-27,1390-12-08,1870,775000
2012-02-28,1390-12-09,1850,800000
2012-02-29,1390-12-10,1920,810000
2012-03-01,1390-12-11,1925,812000
2012-03-03,1390-12-13,1925,810000
2012-03-04,1390-12-14,1900,801000
2012-03-05,1390-12-15,1910,798000
2012-03-06,1390-12-16,1895,790000
2012-03-07,1390-12-17,1885,785000
2012-03-08,1390-12-18,1900,790000
2012-03-10,1390-12-20,1880,775000
2012-03-11,1390-12-21,1870,762000
2012-03-12,1390-12-22,1885,775000
2012-03-13,1390-12-23,1880,765000
2012-03-14,1390-12-24,1860,745000
2012-03-15,1390-12-25,1850,740000
2012-03-17,1390-12-27,1925,776000
2012-03-18,1390-12-28,1915,765000
2012-03-25,1391-01-06,1890,764000
2012-03-26,1391-01-07,1900,767000
2012-03-28,1391-01-09,1920,781000
2012-03-29,1391-01-10,1920,779000
2012-04-02,1391-01-14,1912,774000
2012-04-03,1391-01-15,1900,763000
2012-04-04,1391-01-16,1895,744000
2012-04-05,1391-01-17,1900,743000
2012-04-07,1391-01-19,1910,747000
2012-04-08,1391-01-20,1901,745000
2012-04-09,1391-01-21,1900,729000
2012-04-10,1391-01-22,1865,721000
2012-04-11,1391-01-23,1880,745000
2012-04-12,1391-01-24,1884,732000
2012-04-14,1391-01-26,1880,726000
2012-04-15,1391-01-27,1730,665000
2012-04-16,1391-01-28,1780,683000
2012-04-17,1391-01-29,1800,701000
2012-04-18,1391-01-30,1824,707000
2012-04-19,1391-01-31,1818,702000
2012-04-21,1391-02-02,1803,700000
2012-04-22,1391-02-03,1795,698000
2012-04-23,1391-02-04,1779,689000
2012-04-24,1391-02-05,1758,681000
2012-04-26,1391-02-07,1748,682000
2012-04-28,1391-02-09,1665,658000
2012-04-29,1391-02-10,1734,681000
2012-04-30,1391-02-11,1725,673000
2012-05-01,1391-02-12,1710,670000
2012-05-02,1391-02-13,1709,670000
2012-05-03,1391-02-14,1705,668500
2012-05-05,1391-02-16,1678,657000
2012-05-06,1391-02-17,1672,648000
2012-05-07,1391-02-18,1664,648000
2012-05-08,1391-02-19,1655,646000
2012-05-09,1391-02-20,1650,630000
2012-05-10,1391-02-21,1619,611000
2012-05-12,1391-02-23,1589,600000
2012-05-13,1391-02-24,1575,608000
2012-05-14,1391-02-25,1625,628000
2012-05-15,1391-02-26,1669,640000
2012-05-16,1391-02-27,1638,628000
2012-05-17,1391-02-28,1665,642000
2012-05-19,1391-02-30,1685,650000
2012-05-20,1391-02-31,1676,650000
2012-05-21,1391-03-01,1685,648000
2012-05-22,1391-03-02,1669,635000
2012-05-23,1391-03-03,1671,633000
2012-05-24,1391-03-04,1760,665000
2012-05-26,1391-03-06,1767,666000
2012-05-27,1391-03-07,1720,650000
2012-05-28,1391-03-08,1730,658000
2012-05-29,1391-03-09,1760,664000
2012-05-30,1391-03-10,1768,658000
2012-05-31,1391-03-11,1770,660000
2012-06-02,1391-03-13,1777,682000
2012-06-05,1391-03-16,1768,669000
2012-06-06,1391-03-17,1770,673000
2012-06-07,1391-03-18,1785,680000
2012-06-09,1391-03-20,1825,681000
2012-06-10,1391-03-21,1821,687000
2012-06-11,1391-03-22,1815,685000
2012-06-12,1391-03-23,1790,676500
2012-06-13,1391-03-24,1760,671000
2012-06-14,1391-03-25,1780,676500
2012-06-16,1391-03-27,1785,681000
2012-06-17,1391-03-28,1800,685500
2012-06-19,1391-03-30,1810,688500
2012-06-20,1391-03-31,1828,691500
2012-06-21,1391-04-01,1830,688500
2012-06-23,1391-04-03,1880,694000
2012-06-24,1391-04-04,1905,705000
2012-06-25,1391-04-05,1895,703000
2012-06-26,1391-04-06,1920,719000
2012-06-27,1391-04-07,1940,729000
2012-06-28,1391-04-08,2015,776000
2012-06-29,1391-04-09,2015,770000
2012-06-30,1391-04-10,1994,763000
2012-07-01,1391-04-11,1953,741000
2012-07-02,1391-04-12,1943,728000
2012-07-03,1391-04-13,1976,753000
2012-07-04,1391-04-14,1968,745000
2012-07-07,1391-04-17,1946,729000
2012-07-08,1391-04-18,1910,712000
2012-07-09,1391-04-19,1913,710000
2012-07-10,1391-04-20,1936,724000
2012-07-11,1391-04-21,1914,711000
2012-07-12,1391-04-22,1922,712000
2012-07-14,1391-04-24,1915,713000
2012-07-15,1391-04-25,1902,705000
2012-07-16,1391-04-26,1920,710000
2012-07-17,1391-04-27,1909,709000
2012-07-18,1391-04-28,1915,708000
2012-07-19,1391-04-29,1910,705500
2012-07-21,1391-04-31,1909,702000
2012-07-22,1391-05-01,1899,696000
2012-07-23,1391-05-02,1908,699000
2012-07-24,1391-05-03,1921,711000
2012-07-25,1391-05-04,1929,718000
2012-07-26,1391-05-05,1957,737000
2012-07-28,1391-05-07,1970,738000
2012-07-29,1391-05-08,1947,728000
2012-07-30,1391-05-09,1968,735000
2012-07-31,1391-05-10,1971,740000
2012-08-01,1391-05-11,2007,743000
2012-08-02,1391-05-12,2019,746000
2012-08-04,1391-05-14,2008,739000
2012-08-05,1391-05-15,2044,749000
2012-08-06,1391-05-16,2146,768000
2012-08-07,1391-05-17,2198,784000
2012-08-08,1391-05-18,2085,763000
2012-08-09,1391-05-19,2095,767000
2012-08-11,1391-05-21,2130,784000
2012-08-12,1391-05-22,2148,792000
2012-08-13,1391-05-23,2130,789000
2012-08-14,1391-05-24,2121,784500
2012-08-15,1391-05-25,2107,777000
2012-08-16,1391-05-26,2126,785000
2012-08-18,1391-05-28,2120,786000
2012-08-21,1391-05-31,2129,796000
2012-08-22,1391-06-01,2136,805000
2012-08-23,1391-06-02,2163,826500
2012-08-25,1391-06-04,2194,843000
2012-08-26,1391-06-05,2173,834000
2012-08-27,1391-06-06,2196,838000
2012-08-28,1391-06-07,2194,835000
2012-08-29,1391-06-08,2194,836000
2012-09-01,1391-06-11,2180,838000
2012-09-02,1391-06-12,2159,833000
2012-09-03,1391-06-13,2173,837000
2012-09-04,1391-06-14,2182,840000
2012-09-05,1391-06-15,2218,855000
2012-09-06,1391-06-16,2221,863000
2012-09-08,1391-06-18,2302,908000
2012-09-09,1391-06-19,2448,945000
2012-09-10,1391-06-20,2560,936000
2012-09-11,1391-06-21,2475,929000
2012-09-13,1391-06-23,2391,914000
2012-09-15,1391-06-25,2448,942000
2012-09-16,1391-06-26,2447,942000
2012-09-17,1391-06-27,2493,954000
2012-09-18,1391-06-28,2436,934000
2012-09-19,1391-06-29,2428,949000
2012-09-20,1391-06-30,2438,950000
2012-09-22,1391-07-01,2469,970000
2012-09-23,1391-07-02,2476,978000
2012-09-24,1391-07-03,2520,1011000
2012-09-25,1391-07-04,2548,1029000
2012-09-26,1391-07-05,2630,1049000
2012-09-27,1391-07-06,2690,1070000
2012-09-29,1391-07-08,2844,1132000
2012-09-30,1391-07-09,2980,1167000
2012-10-01,1391-07-10,3470,1345000
2012-10-02,1391-07-11,3610,1350000
2012-10-03,1391-07-12,3400,1350000
2012-10-04,1391-07-13,3000,1350000
2012-10-06,1391-07-15,3030,1350000
2012-10-07,1391-07-16,3000,1350000
2012-10-08,1391-07-17,3340,1350000
2012-10-09,1391-07-18,3300,1350000
2012-10-10,1391-07-19,3300,1280000
2012-10-11,1391-07-20,3325,1283000
2012-10-13,1391-07-22,3395,1310000
2012-10-14,1391-07-23,3400,1310000
2012-10-15,1391-07-24,3520,1310000
2012-10-16,1391-07-25,3600,1420000
2012-10-17,1391-07-26,3335,1498000
2012-10-18,1391-07-27,3530,1498000
2012-10-20,1391-07-29,3600,1498000
2012-10-21,1391-07-30,3540,1386000
2012-10-22,1391-08-01,3600,1320000
2012-10-23,1391-08-02,3270,1250000
2012-10-24,1391-08-03,3400,1300000
2012-10-25,1391-08-04,3400,1305000
2012-10-26,1391-08-05,3400,1305000
2012-10-27,1391-08-06,3340,1273000
2012-10-28,1391-08-07,3290,1295000
2012-10-29,1391-08-08,3340,1305000
2012-10-30,1391-08-09,3300,1277000
2012-10-31,1391-08-10,3290,1267000
2012-11-01,1391-08-11,3290,1265000
2012-11-02,1391-08-12,3290,1265000
2012-11-03,1391-08-13,3290,1265000
2012-11-04,1391-08-14,2950,1145000
2012-11-05,1391-08-15,2950,1193000
2012-11-06,1391-08-16,3200,1245000
2012-11-07,1391-08-17,3180,1242000
2012-11-08,1391-08-18,3180,1217000
2012-11-09,1391-08-19,3180,1217000
2012-11-10,1391-08-20,3100,1232000
2012-11-11,1391-08-21,3070,1221000
2012-11-12,1391-08-22,3050,1210000
2012-11-13,1391-08-23,3000,1160000
2012-11-14,1391-08-24,2980,1172000
2012-11-15,1391-08-25,2980,1163000
2012-11-16,1391-08-26,2980,1163000
2012-11-17,1391-08-27,2940,1130000
2012-11-18,1391-08-28,2850,1108000
2012-11-19,1391-08-29,2800,1094000
2012-11-20,1391-08-30,2650,1077000
2012-11-21,1391-09-01,2840,1128000
2012-11-22,1391-09-02,2900,1155000
2012-11-23,1391-09-03,2900,1155000
2012-11-24,1391-09-04,2900,1155000
2012-11-25,1391-09-05,2900,1155000
2012-11-26,1391-09-06,2890,1160000
2012-11-27,1391-09-07,2800,1143000
2012-11-28,1391-09-08,2900,1141000
2012-11-29,1391-09-09,2870,1151000
2012-12-01,1391-09-11,2950,1195000
2012-12-02,1391-09-12,2930,1177000
2012-12-03,1391-09-13,2930,1182000
2012-12-04,1391-09-14,2910,1172000
2012-12-05,1391-09-15,2930,1193000
2012-12-06,1391-09-16,2930,1202000
2012-12-07,1391-09-17,2930,1202000
2012-12-08,1391-09-18,3050,1180000
2012-12-09,1391-09-19,2900,1185000
2012-12-10,1391-09-20,2980,1205000
2012-12-11,1391-09-21,3010,1198000
2012-12-12,1391-09-22,2995,1214000
2012-12-13,1391-09-23,3020,1208000
2012-12-15,1391-09-25,2970,1190000
2012-12-16,1391-09-26,3000,1195000
2012-12-17,1391-09-27,3033,1205000
2012-12-18,1391-09-28,3110,1250000
2012-12-19,1391-09-29,3085,1220000
2012-12-20,1391-09-30,3100,1229000
2012-12-22,1391-10-02,3170,1243000
2012-12-23,1391-10-03,3240,1283000
2012-12-24,1391-10-04,3332,1346000
2012-12-25,1391-10-05,3332,1293000
2012-12-26,1391-10-06,3275,1280000
2012-12-27,1391-10-07,3260,1287000
2012-12-29,1391-10-09,3210,1246000
2012-12-30,1391-10-10,3230,1260000
2012-12-31,1391-10-11,3240,1270000
2013-01-01,1391-10-12,3240,1270000
2013-01-02,1391-10-13,3245,1290000
2013-01-05,1391-10-16,3235,1276000
2013-01-06,1391-10-17,3246,1275000
2013-01-07,1391-10-18,3235,1274000
2013-01-08,1391-10-19,3266,1290000
2013-01-09,1391-10-20,3285,1292000
2013-01-10,1391-10-21,3280,1297000
2013-01-13,1391-10-24,3288,1298000
2013-01-14,1391-10-25,3290,1304000
2013-01-15,1391-10-26,3305,1327000
2013-01-16,1391-10-27,3305,1320000
2013-01-17,1391-10-28,3305,1319000
2013-01-19,1391-10-30,3340,1350000
2013-01-20,1391-11-01,3410,1386000
2013-01-21,1391-11-02,3515,1429000
2013-01-22,1391-11-03,3619,1434000
2013-01-23,1391-11-04,3560,1418000
2013-01-24,1391-11-05,3525,1392000
2013-01-26,1391-11-07,3550,1434000
2013-01-27,1391-11-08,3652,1447000
2013-01-28,1391-11-09,3650,1467000
2013-01-29,1391-11-10,3660,1467000
2013-01-30,1391-11-11,3795,1498000
2013-01-31,1391-11-12,3890,1560000
2013-02-02,1391-11-14,3820,1530000
2013-02-03,1391-11-15,3810,1530000
2013-02-04,1391-11-16,3825,1545000
2013-02-05,1391-11-17,3850,1490000
2013-02-06,1391-11-18,3715,1473000
2013-02-07,1391-11-19,3820,1490000
2013-02-09,1391-11-21,3850,1490000
2013-02-11,1391-11-23,3770,1435000
2013-02-12,1391-11-24,3720,1410000
2013-02-13,1391-11-25,3650,1415000
2013-02-14,1391-11-26,3750,1455000
2013-02-16,1391-11-28,3730,1437000
2013-02-17,1391-11-29,3680,1411000
2013-02-18,1391-11-30,3710,1426000
2013-02-19,1391-12-01,3725,1429000
2013-02-20,1391-12-02,3690,1413000
2013-02-21,1391-12-03,3675,1398000
2013-02-23,1391-12-05,3680,1398000
2013-02-24,1391-12-06,3675,1408000
2013-02-25,1391-12-07,3746,1442000
2013-02-26,1391-12-08,3765,1490000
2013-02-27,1391-12-09,3705,1462000
2013-02-28,1391-12-10,3675,1445000
2013-03-02,1391-12-12,3645,1395000
2013-03-03,1391-12-13,3490,1380000
2013-03-04,1391-12-14,3305,1316000
2013-03-05,1391-12-15,3440,1362000
2013-03-06,1391-12-16,3590,1418000
2013-03-07,1391-12-17,3570,1405000
2013-03-09,1391-12-19,3480,1373000
2013-03-10,1391-12-20,3475,1382000
2013-03-11,1391-12-21,3510,1385000
2013-03-12,1391-12-22,3475,1377000
2013-03-13,1391-12-23,3440,1371000
2013-03-14,1391-12-24,3400,1344000
2013-03-16,1391-12-26,3332,1305000
2013-03-17,1391-12-27,3410,1346000
2013-03-18,1391-12-28,3405,1352000
2013-04-06,1392-01-17,3510,1375000
2013-04-07,1392-01-18,3635,1441000
2013-04-08,1392-01-19,3540,1407000
2013-04-09,1392-01-20,3540,1417000
2013-04-10,1392-01-21,3515,1400000
2013-04-11,1392-01-22,3505,1390000
2013-04-13,1392-01-24,3515,1355000
2013-04-15,1392-01-26,3505,1310000
2013-04-16,1392-01-27,3505,1316000
2013-04-17,1392-01-28,3525,1314000
2013-04-18,1392-01-29,3530,1311000
2013-04-20,1392-01-31,3520,1295000
2013-04-21,1392-02-01,3535,1313000
2013-04-22,1392-02-02,3550,1339000
2013-04-23,1392-02-03,3560,1333000
2013-04-24,1392-02-04,3640,1371000
2013-04-25,1392-02-05,3615,1375000
2013-04-27,1392-02-07,3585,1355000
2013-04-28,1392-02-08,3585,1362000
2013-04-29,1392-02-09,3590,1368000
2013-04-30,1392-02-10,3580,1358000
2013-05-01,1392-02-11,3570,1345000
2013-05-02,1392-02-12,3555,1346000
2013-05-04,1392-02-14,3560,1342500
2013-05-05,1392-02-15,3600,1358000
2013-05-06,1392-02-16,3570,1344000
2013-05-07,1392-02-17,3560,1329000
2013-05-08,1392-02-18,3545,1315000
2013-05-09,1392-02-19,3535,1314000
2013-05-11,1392-02-21,3465,1282000
2013-05-12,1392-02-22,3490,1300000
2013-05-13,1392-02-23,3530,1297500
2013-05-14,1392-02-24,3525,1304000
2013-05-15,1392-02-25,3505,1283000
2013-05-16,1392-02-26,3515,1278000
2013-05-18,1392-02-28,3505,1247000
2013-05-19,1392-02-29,3475,1197000
2013-05-20,1392-02-30,3470,1200000
2013-05-21,1392-02-31,3490,1256000
2013-05-22,1392-03-01,3565,1325000
2013-05-23,1392-03-02,3545,1293000
2013-05-25,1392-03-04,3570,1324000
2013-05-26,1392-03-05,3615,1328000
2013-05-27,1392-03-06,3628,1321500
2013-05-28,1392-03-07,3685,1340000
2013-05-29,1392-03-08,3658,1318000
2013-05-30,1392-03-09,3620,1319000
2013-06-01,1392-03-11,3645,1312000
2013-06-02,1392-03-12,3628,1295000
2013-06-03,1392-03-13,3635,1305000
2013-06-08,1392-03-18,3670,1305000
2013-06-09,1392-03-19,3630,1290000
2013-06-10,1392-03-20,3620,1280000
2013-06-11,1392-03-21,3585,1263000
2013-06-12,1392-03-22,3645,1299000
2013-06-13,1392-03-23,3630,1308000
2013-06-15,1392-03-25,3480,1212000
2013-06-16,1392-03-26,3510,1260000
2013-06-17,1392-03-27,3455,1255000
2013-06-18,1392-03-28,3450,1235000
2013-06-19,1392-03-29,3400,1205000
2013-06-20,1392-03-30,3300,1171000
2013-06-22,1392-04-01,3200,1120000
2013-06-23,1392-04-02,3090,1097000
2013-06-25,1392-04-04,3310,1090000
2013-06-26,1392-04-05,3295,1083000
2013-06-27,1392-04-06,3360,1095000
2013-06-29,1392-04-08,3320,1090000
2013-06-30,1392-04-09,3350,1111000
2013-07-01,1392-04-10,3390,1141000
2013-07-02,1392-04-11,3370,1145000
2013-07-03,1392-04-12,3360,1140000
2013-07-04,1392-04-13,3365,1136000
2013-07-06,1392-04-15,3320,1093000
2013-07-07,1392-04-16,3295,1103000
2013-07-08,1392-04-17,3335,1097000
2013-07-09,1392-04-18,3310,1086500
2013-07-10,1392-04-19,3300,1087000
2013-07-11,1392-04-20,3315,1105000
2013-07-13,1392-04-22,3285,1087000
2013-07-14,1392-04-23,3270,1093500
2013-07-15,1392-04-24,3260,1085000
2013-07-16,1392-04-25,3260,1086000
2013-07-17,1392-04-26,3215,1071500
2013-07-18,1392-04-27,3165,1053000
2013-07-20,1392-04-29,3100,1012000
2013-07-21,1392-04-30,3115,1023000
2013-07-22,1392-04-31,3160,1040000
2013-07-23,1392-05-01,3120,1027000
2013-07-24,1392-05-02,3165,1037000
2013-07-25,1392-05-03,3160,1029000
2013-07-27,1392-05-05,3170,1051000
2013-07-28,1392-05-06,3180,1058000
2013-07-29,1392-05-07,3170,1058000
2013-07-31,1392-05-09,3170,1056000
2013-08-01,1392-05-10,3180,1061000
2013-08-03,1392-05-12,3285,1090000
2013-08-04,1392-05-13,3240,1078000
2013-08-05,1392-05-14,3200,1068000
2013-08-06,1392-05-15,3190,1057000
2013-08-07,1392-05-16,3225,1065000
2013-08-08,1392-05-17,3215,1068000
2013-08-11,1392-05-20,3220,1075000
2013-08-12,1392-05-21,3225,1084000
2013-08-13,1392-05-22,3195,1063000
2013-08-14,1392-05-23,3195,1072000
2013-08-15,1392-05-24,3200,1063000
2013-08-17,1392-05-26,3170,1062000
2013-08-18,1392-05-27,3158,1067000
2013-08-19,1392-05-28,3145,1047000
2013-08-20,1392-05-29,3100,1023000
2013-08-21,1392-05-30,3095,1020000
2013-08-22,1392-05-31,3120,1033000
2013-08-24,1392-06-02,3125,1038000
2013-08-25,1392-06-03,3120,1042000
2013-08-26,1392-06-04,3125,1039000
2013-08-27,1392-06-05,3175,1075000
2013-08-28,1392-06-06,3300,1095000
2013-08-29,1392-06-07,3240,1087000
2013-08-31,1392-06-09,3270,1095000
2013-09-01,1392-06-10,3240,1088000
2013-09-03,1392-06-12,3270,1103500
2013-09-04,1392-06-13,3305,1128000
2013-09-05,1392-06-14,3320,1147000
2013-09-07,1392-06-16,3280,1112500
2013-09-08,1392-06-17,3290,1120000
2013-09-09,1392-06-18,3285,1108000
2013-09-10,1392-06-19,3200,1063000
2013-09-11,1392-06-20,3180,1049000
2013-09-12,1392-06-21,3180,1035000
2013-09-14,1392-06-23,3170,1009000
2013-09-15,1392-06-24,3170,1011000
2013-09-16,1392-06-25,3130,964000
2013-09-17,1392-06-26,3060,960000
2013-09-18,1392-06-27,3080,966000
2013-09-19,1392-06-28,3080,1000000
2013-09-21,1392-06-30,2900,908000
2013-09-22,1392-06-31,2930,931000
2013-09-23,1392-07-01,2935,931000
2013-09-24,1392-07-02,2935,926000
2013-09-25,1392-07-03,3070,980000
2013-09-26,1392-07-04,3050,971000
2013-09-28,1392-07-06,3040,968000
2013-09-29,1392-07-07,3065,990000
2013-09-30,1392-07-08,3035,966000
2013-10-01,1392-07-09,3055,970000
2013-10-02,1392-07-10,3055,975000
2013-10-03,1392-07-11,3035,965000
2013-10-05,1392-07-13,3055,977000
2013-10-06,1392-07-14,3055,976000
2013-10-07,1392-07-15,3045,974000
2013-10-08,1392-07-16,3050,976000
2013-10-09,1392-07-17,3035,959000
2013-10-10,1392-07-18,3040,956000
2013-10-12,1392-07-20,3035,932000
2013-10-13,1392-07-21,3015,932000
2013-10-14,1392-07-22,3035,939500
2013-10-15,1392-07-23,3035,937000
2013-10-17,1392-07-25,3045,953000
2013-10-19,1392-07-27,3020,955500
2013-10-20,1392-07-28,3015,956000
2013-10-21,1392-07-29,2995,953500
2013-10-22,1392-07-30,3010,959000
2013-10-23,1392-08-01,3010,956000
2013-10-26,1392-08-04,3015,970000
2013-10-27,1392-08-05,3010,965000
2013-10-28,1392-08-06,3010,971000
2013-10-29,1392-08-07,3015,966000
2013-10-30,1392-08-08,3005,970000
2013-10-31,1392-08-09,3005,957000
2013-11-02,1392-08-11,3012,948000
2013-11-03,1392-08-12,3040,955000
2013-11-04,1392-08-13,3030,951000
2013-11-05,1392-08-14,3010,946000
2013-11-06,1392-08-15,3018,949000
2013-11-07,1392-08-16,3015,944000
2013-11-09,1392-08-18,2995,919500
2013-11-10,1392-08-19,3025,931000
2013-11-11,1392-08-20,3015,926000
2013-11-12,1392-08-21,3018,924000
2013-11-16,1392-08-25,3013,928000
2013-11-17,1392-08-26,3010,924000
2013-11-18,1392-08-27,3003,916000
2013-11-19,1392-08-28,3007,917000
2013-11-20,1392-08-29,3005,911000
2013-11-21,1392-08-30,3010,899000
2013-11-23,1392-09-02,3005,885000
2013-11-24,1392-09-03,2940,828000
2013-11-25,1392-09-04,2915,843000
2013-11-26,1392-09-05,2975,859000
2013-11-27,1392-09-06,2990,868000
2013-11-28,1392-09-07,2962,859000
2013-11-30,1392-09-09,2960,871000
2013-12-01,1392-09-10,2953,880000
2013-12-02,1392-09-11,2953,867000
2013-12-03,1392-09-12,2945,858000
2013-12-04,1392-09-13,2955,864000
2013-12-05,1392-09-14,2952,855000
2013-12-07,1392-09-16,2948,863500
2013-12-08,1392-09-17,2946,865000
2013-12-09,1392-09-18,2942,866000
2013-12-10,1392-09-19,2948,880000
2013-12-11,1392-09-20,2939,880000
2013-12-12,1392-09-21,2935,864000
2013-12-14,1392-09-23,2956,880000
2013-12-15,1392-09-24,2952,876000
2013-12-16,1392-09-25,2947,874000
2013-12-17,1392-09-26,2944,870500
2013-12-18,1392-09-27,2949,874000
2013-12-19,1392-09-28,2945,858000
2013-12-21,1392-09-30,2945,851000
2013-12-22,1392-10-01,2956,857500
2013-12-24,1392-10-03,2971,857700
2013-12-25,1392-10-04,2967,857500
2013-12-26,1392-10-05,3001,866000
2013-12-28,1392-10-07,2995,872500
2013-12-29,1392-10-08,3015,882500
2013-12-30,1392-10-09,3006,872500
2013-12-31,1392-10-10,3007,868500
2014-01-01,1392-10-11,3000,866000
2014-01-02,1392-10-12,2992,872000
2014-01-04,1392-10-14,2976,875000
2014-01-05,1392-10-15,2974,876000
2014-01-06,1392-10-16,2980,879000
2014-01-07,1392-10-17,2985,877000
2014-01-08,1392-10-18,2990,875000
2014-01-09,1392-10-19,2980,874000
2014-01-11,1392-10-21,2980,881200
2014-01-12,1392-10-22,2979,877000
2014-01-13,1392-10-23,2956,873000
2014-01-14,1392-10-24,2963,871000
2014-01-15,1392-10-25,2957,871000
2014-01-16,1392-10-26,2957,868000
2014-01-18,1392-10-28,2939,862000
2014-01-19,1392-10-29,2936,856000
2014-01-20,1392-10-30,2888,850000
2014-01-21,1392-11-01,2934,859000
2014-01-22,1392-11-02,2951,864000
2014-01-23,1392-11-03,2940,868000
2014-01-25,1392-11-05,2952,878500
2014-01-26,1392-11-06,2945,876300
2014-01-27,1392-11-07,2949,874600
2014-01-28,1392-11-08,2948,874500
2014-01-29,1392-11-09,2942,875500
2014-01-30,1392-11-10,2935,868500
2014-01-31,1392-11-11,2938,868200
2014-02-01,1392-11-12,2942,870300
2014-02-02,1392-11-13,2946,873500
2014-02-03,1392-11-14,2954,876200
2014-02-04,1392-11-15,2947,875300
2014-02-05,1392-11-16,2951,877100
2014-02-06,1392-11-17,2959,879000
2014-02-07,1392-11-18,2960,882700
2014-02-08,1392-11-19,2954,883000
2014-02-09,1392-11-20,2946,880600
2014-02-10,1392-11-21,2951,888200
2014-02-11,1392-11-22,2950,896800
2014-02-12,1392-11-23,2954,912200
2014-02-13,1392-11-24,2952,914500
2014-02-14,1392-11-25,2953,927300
2014-02-15,1392-11-26,2958,931500
2014-02-16,1392-11-27,2948,931500
2014-02-17,1392-11-28,2952,949000
2014-02-18,1392-11-29,2952,936200
2014-02-19,1392-11-30,2952,934000
2014-02-20,1392-12-01,2953,938500
2014-02-21,1392-12-02,2950,942000
2014-02-22,1392-12-03,2956,940800
2014-02-23,1392-12-04,2960,943800
2014-02-24,1392-12-05,2984,968000
2014-02-25,1392-12-06,2990,977000
2014-02-26,1392-12-07,2988,964500
2014-02-27,1392-12-08,3009,965000
2014-02-28,1392-12-09,3010,965200
2014-03-01,1392-12-10,3045,974500
2014-03-02,1392-12-11,3059,977600
2014-03-03,1392-12-12,3107,997000
2014-03-04,1392-12-13,3064,978000
2014-03-05,1392-12-14,3052,980000
2014-03-06,1392-12-15,3049,982000
2014-03-07,1392-12-16,3046,976200
2014-03-08,1392-12-17,3006,955000
2014-03-09,1392-12-18,3044,971000
2014-03-10,1392-12-19,3071,977000
2014-03-11,1392-12-20,3055,978700
2014-03-12,1392-12-21,3037,977500
2014-03-13,1392-12-22,3036,980500
2014-03-14,1392-12-23,3044,985000
2014-03-15,1392-12-24,3008,977500
2014-03-16,1392-12-25,3020,982000
2014-03-17,1392-12-26,2996,966000
2014-03-18,1392-12-27,3000,953500
2014-03-19,1392-12-28,3014,950000
2014-03-20,1392-12-29,3017,953000
2014-03-23,1393-01-03,3027,953000
2014-03-24,1393-01-04,3018,948000
2014-03-25,1393-01-05,3030,952000
2014-03-26,1393-01-06,3050,951000
2014-03-27,1393-01-07,3058,952000
2014-03-28,1393-01-08,3057,950000
2014-03-29,1393-01-09,3047,945000
2014-03-30,1393-01-10,3049,944000
2014-03-31,1393-01-11,3064,943000
2014-04-01,1393-01-12,3063,941000
2014-04-03,1393-01-14,3061,941000
2014-04-05,1393-01-16,3048,946200
2014-04-06,1393-01-17,3043,944000
2014-04-07,1393-01-18,3058,946000
2014-04-08,1393-01-19,3090,965800
2014-04-09,1393-01-20,3080,964000
2014-04-10,1393-01-21,3081,968300
2014-04-11,1393-01-22,3079,967500
2014-04-12,1393-01-23,3114,975000
2014-04-13,1393-01-24,3121,978000
2014-04-14,1393-01-25,3130,988000
2014-04-15,1393-01-26,3180,983500
2014-04-16,1393-01-27,3156,976000
2014-04-17,1393-01-28,3171,976500
2014-04-18,1393-01-29,3173,976500
2014-04-19,1393-01-30,3179,979000
2014-04-20,1393-01-31,3209,980000
2014-04-21,1393-02-01,3240,985500
2014-04-22,1393-02-02,3316,1000000
2014-04-23,1393-02-03,3265,991000
2014-04-24,1393-02-04,3254,995000
2014-04-25,1393-02-05,3248,996000
2014-04-26,1393-02-06,3280,1014000
2014-04-27,1393-02-07,3335,1045500
2014-04-28,1393-02-08,3282,1018500
2014-04-29,1393-02-09,3295,1016000
2014-04-30,1393-02-10,3298,1011000
2014-05-01,1393-02-11,3310,1012000
2014-05-02,1393-02-12,3313,1013000
2014-05-03,1393-02-13,3315,1022000
2014-05-04,1393-02-14,3278,1013000
2014-05-05,1393-02-15,3314,1019000
2014-05-06,1393-02-16,3304,1011000
2014-05-07,1393-02-17,3291,1004000
2014-05-08,1393-02-18,3290,991000
2014-05-09,1393-02-19,3287,991000
2014-05-10,1393-02-20,3258,980000
2014-05-11,1393-02-21,3236,969000
2014-05-12,1393-02-22,3249,981000
2014-05-13,1393-02-23,3248,981000
2014-05-14,1393-02-24,3237,990000
2014-05-15,1393-02-25,3245,986000
2014-05-16,1393-02-26,3293,986000
2014-05-17,1393-02-27,3299,992000
2014-05-18,1393-02-28,3276,984500
2014-05-19,1393-02-29,3282,993000
2014-05-20,1393-02-30,3294,988500
2014-05-21,1393-02-31,3290,988000
2014-05-22,1393-03-01,3287,990000
2014-05-23,1393-03-02,3283,990000
2014-05-24,1393-03-03,3274,987500
2014-05-25,1393-03-04,3282,987500
2014-05-26,1393-03-05,3283,987000
2014-05-27,1393-03-06,3277,976000
2014-05-28,1393-03-07,3267,968000
2014-05-29,1393-03-08,3278,962000
2014-05-30,1393-03-09,3277,962000
2014-05-31,1393-03-10,3276,958000
2014-06-01,1393-03-11,3281,958000
2014-06-02,1393-03-12,3282,957000
2014-06-03,1393-03-13,3280,957000
2014-06-04,1393-03-14,3283,957000
2014-06-06,1393-03-16,3283,957000
2014-06-07,1393-03-17,3262,951500
2014-06-08,1393-03-18,3245,947000
2014-06-09,1393-03-19,3232,944500
2014-06-10,1393-03-20,3240,941000
2014-06-11,1393-03-21,3240,951800
2014-06-12,1393-03-22,3245,960000
2014-06-13,1393-03-23,3243,960000
2014-06-14,1393-03-24,3219,959400
2014-06-15,1393-03-25,3212,961000
2014-06-16,1393-03-26,3179,951200
2014-06-17,1393-03-27,3204,948000
2014-06-18,1393-03-28,3193,949000
2014-06-19,1393-03-29,3211,953000
2014-06-20,1393-03-30,3229,953000
2014-06-21,1393-03-31,3207,979000
2014-06-22,1393-04-01,3192,973000
2014-06-23,1393-04-02,3172,967300
2014-06-24,1393-04-03,3167,969200
2014-06-25,1393-04-04,3167,967300
2014-06-26,1393-04-05,3165,965500
2014-06-27,1393-04-06,3169,965500
2014-06-28,1393-04-07,3139,965500
2014-06-29,1393-04-08,3118,965500
2014-06-30,1393-04-09,3114,965500
2014-07-01,1393-04-10,3118,965500
2014-07-02,1393-04-11,3133,965500
2014-07-03,1393-04-12,3127,965500
2014-07-04,1393-04-13,3126,965500
2014-07-05,1393-04-14,3096,957500
2014-07-06,1393-04-15,3095,952300
2014-07-07,1393-04-16,3126,949500
2014-07-08,1393-04-17,3118,957000
2014-07-09,1393-04-18,3105,956400
2014-07-10,1393-04-19,3102,964500
2014-07-11,1393-04-20,3106,964500
2014-07-12,1393-04-21,3122,964700
2014-07-13,1393-04-22,3136,968000
2014-07-14,1393-04-23,3123,959000
2014-07-15,1393-04-24,3117,952200
2014-07-16,1393-04-25,3136,951500
2014-07-17,1393-04-26,3143,954000
2014-07-18,1393-04-27,3156,954000
2014-07-19,1393-04-28,3134,954000
2014-07-20,1393-04-29,3131,952500
2014-07-21,1393-04-30,3133,955000
2014-07-22,1393-04-31,3133,950500
2014-07-23,1393-05-01,3133,952500
2014-07-24,1393-05-02,3139,951000
2014-07-25,1393-05-03,3138,951000
2014-07-26,1393-05-04,3139,953500
2014-07-27,1393-05-05,3137,953000
2014-07-28,1393-05-06,3129,950200
2014-07-29,1393-05-07,3126,950200
2014-07-30,1393-05-08,3124,950200
2014-07-31,1393-05-09,3123,950500
2014-08-02,1393-05-11,3129,947700
2014-08-03,1393-05-12,3140,951800
2014-08-04,1393-05-13,3142,951500
2014-08-05,1393-05-14,3140,948000
2014-08-06,1393-05-15,3140,952200
2014-08-07,1393-05-16,3132,951800
2014-08-08,1393-05-17,3132,951800
2014-08-09,1393-05-18,3130,951800
2014-08-10,1393-05-19,3122,954600
2014-08-11,1393-05-20,3125,954000
2014-08-12,1393-05-21,3119,954500
2014-08-13,1393-05-22,3127,953900
2014-08-14,1393-05-23,3118,954700
2014-08-15,1393-05-24,3119,954700
2014-08-16,1393-05-25,3109,949000
2014-08-17,1393-05-26,3102,947200
2014-08-18,1393-05-27,3107,944700
2014-08-19,1393-05-28,3105,946000
2014-08-20,1393-05-29,3093,942500
2014-08-21,1393-05-30,3092,935500
2014-08-22,1393-05-31,3091,935500
2014-08-23,1393-06-01,3121,937000
2014-08-24,1393-06-02,3116,941500
2014-08-25,1393-06-03,3133,942000
2014-08-26,1393-06-04,3127,944000
2014-08-27,1393-06-05,3130,943500
2014-08-28,1393-06-06,3130,948500
2014-08-29,1393-06-07,3142,948500
2014-08-30,1393-06-08,3159,950500
2014-08-31,1393-06-09,3150,949000
2014-09-01,1393-06-10,3148,949500
2014-09-02,1393-06-11,3173,946000
2014-09-03,1393-06-12,3172,946500
2014-09-04,1393-06-13,3181,947000
2014-09-05,1393-06-14,3174,947000
2014-09-06,1393-06-15,3157,942500
2014-09-07,1393-06-16,3168,944100
2014-09-08,1393-06-17,3198,943800
2014-09-09,1393-06-18,3175,941200
2014-09-10,1393-06-19,3179,940300
2014-09-11,1393-06-20,3184,939000
2014-09-12,1393-06-21,3186,939000
2014-09-13,1393-06-22,3176,924500
2014-09-14,1393-06-23,3191,925500
2014-09-15,1393-06-24,3198,931000
2014-09-16,1393-06-25,3192,932000
2014-09-17,1393-06-26,3214,932000
2014-09-18,1393-06-27,3201,928000
2014-09-19,1393-06-28,3199,928000
2014-09-20,1393-06-29,3178,918000
2014-09-21,1393-06-30,3167,917500
2014-09-22,1393-06-31,3171,917500
2014-09-23,1393-07-01,3188,927000
2014-09-24,1393-07-02,3194,927000
2014-09-25,1393-07-03,3200,922000
2014-09-26,1393-07-04,3200,922000
2014-09-27,1393-07-05,3248,936000
2014-09-28,1393-07-06,3264,939000
2014-09-29,1393-07-07,3235,938500
2014-09-30,1393-07-08,3241,934500
2014-10-01,1393-07-09,3243,934500
2014-10-02,1393-07-10,3240,934500
2014-10-03,1393-07-11,3243,934500
2014-10-04,1393-07-12,3241,929500
2014-10-05,1393-07-13,3231,929500
2014-10-06,1393-07-14,3231,928500
2014-10-07,1393-07-15,3239,936500
2014-10-08,1393-07-16,3237,939500
2014-10-09,1393-07-17,3248,946000
2014-10-10,1393-07-18,3250,946000
2014-10-11,1393-07-19,3243,939500
2014-10-12,1393-07-20,3250,939500
2014-10-13,1393-07-21,3252,939500
2014-10-14,1393-07-22,3253,940500
2014-10-15,1393-07-23,3244,940500
2014-10-16,1393-07-24,3250,941500
2014-10-17,1393-07-25,3246,941500
2014-10-18,1393-07-26,3238,938000
2014-10-19,1393-07-27,3234,939000
2014-10-20,1393-07-28,3219,937500
2014-10-21,1393-07-29,3228,939000
2014-10-22,1393-07-30,3222,938000
2014-10-23,1393-08-01,3228,936000
2014-10-24,1393-08-02,3227,936000
2014-10-25,1393-08-03,3210,930000
2014-10-26,1393-08-04,3217,929500
2014-10-27,1393-08-05,3236,931000
2014-10-28,1393-08-06,3245,930500
2014-10-29,1393-08-07,3239,929300
2014-10-30,1393-08-08,3245,924400
2014-10-31,1393-08-09,3252,924400
2014-11-01,1393-08-10,3246,914300
2014-11-02,1393-08-11,3253,915000
2014-11-05,1393-08-14,3255,902500
2014-11-06,1393-08-15,3250,903300
2014-11-07,1393-08-16,3251,903300
2014-11-08,1393-08-17,3257,908000
2014-11-09,1393-08-18,3248,907500
2014-11-10,1393-08-19,3254,903000
2014-11-11,1393-08-20,3258,900000
2014-11-12,1393-08-21,3258,906000
2014-11-13,1393-08-22,3256,904500
2014-11-14,1393-08-23,3255,904500
2014-11-15,1393-08-24,3244,915000
2014-11-16,1393-08-25,3247,914000
2014-11-17,1393-08-26,3246,914000
2014-11-18,1393-08-27,3256,917000
2014-11-19,1393-08-28,3250,917000
2014-11-20,1393-08-29,3253,914000
2014-11-21,1393-08-30,3249,914000
2014-11-22,1393-09-01,3237,915000
2014-11-23,1393-09-02,3240,915000
2014-11-24,1393-09-03,3256,922000
2014-11-25,1393-09-04,3262,929000
2014-11-26,1393-09-05,3290,938000
2014-11-27,1393-09-06,3319,938500
2014-11-28,1393-09-07,3325,938500
2014-11-29,1393-09-08,3421,945000
2014-11-30,1393-09-09,3461,955000
2014-12-01,1393-09-10,3367,951000
2014-12-02,1393-09-11,3358,955500
2014-12-03,1393-09-12,3367,956000
2014-12-04,1393-09-13,3370,956500
2014-12-05,1393-09-14,3368,956500
2014-12-06,1393-09-15,3343,949000
2014-12-07,1393-09-16,3416,957000
2014-12-08,1393-09-17,3425,963000
2014-12-09,1393-09-18,3401,968000
2014-12-10,1393-09-19,3419,981000
2014-12-11,1393-09-20,3422,980000
2014-12-12,1393-09-21,3426,980000
2014-12-13,1393-09-22,3424,980000
2014-12-14,1393-09-23,3490,1001000
2014-12-15,1393-09-24,3410,996000
2014-12-16,1393-09-25,3480,997000
2014-12-17,1393-09-26,3493,990500
2014-12-18,1393-09-27,3500,999000
2014-12-19,1393-09-28,3494,999000
2014-12-20,1393-09-29,3510,993500
2014-12-21,1393-09-30,3507,993500
2014-12-22,1393-10-01,3553,996000
2014-12-23,1393-10-02,3556,996000
2014-12-24,1393-10-03,3573,989500
2014-12-25,1393-10-04,3559,989500
2014-12-26,1393-10-05,3539,989500
2014-12-27,1393-10-06,3558,994500
2014-12-28,1393-10-07,3553,995500
2014-12-29,1393-10-08,3549,990000
2014-12-30,1393-10-09,3521,984000
2014-12-31,1393-10-10,3501,983000
2015-01-01,1393-10-11,3501,977000
2015-01-02,1393-10-12,3496,977000
2015-01-03,1393-10-13,3509,979000
2015-01-04,1393-10-14,3521,981500
2015-01-05,1393-10-15,3512,980500
2015-01-06,1393-10-16,3524,993500
2015-01-07,1393-10-17,3513,993500
2015-01-08,1393-10-18,3500,988500
2015-01-09,1393-10-19,3497,988500
2015-01-10,1393-10-20,3494,996000
2015-01-11,1393-10-21,3486,992500
2015-01-12,1393-10-22,3470,988000
2015-01-13,1393-10-23,3450,991500
2015-01-14,1393-10-24,3452,993500
2015-01-15,1393-10-25,3450,998000
2015-01-16,1393-10-26,3445,998000
2015-01-17,1393-10-27,3446,1019500
2015-01-18,1393-10-28,3467,1026000
2015-01-19,1393-10-29,3514,1036000
2015-01-20,1393-10-30,3474,1038000
2015-01-21,1393-11-01,3461,1044500
2015-01-22,1393-11-02,3457,1038000
2015-01-24,1393-11-04,3443,1039000
2015-01-25,1393-11-05,3465,1042000
2015-01-26,1393-11-06,3469,1039000
2015-01-27,1393-11-07,3460,1035500
2015-01-28,1393-11-08,3456,1039000
2015-01-29,1393-11-09,3456,1034000
2015-01-31,1393-11-11,3457,1033000
2015-02-01,1393-11-12,3455,1032000
2015-02-02,1393-11-13,3456,1024000
2015-02-03,1393-11-14,3456,1026000
2015-02-04,1393-11-15,3443,1014000
2015-02-05,1393-11-16,3432,1009000
2015-02-07,1393-11-18,3419,983000
2015-02-08,1393-11-19,3409,984000
2015-02-09,1393-11-20,3431,991000
2015-02-10,1393-11-21,3430,994000
2015-02-12,1393-11-23,3429,991000
2015-02-14,1393-11-25,3432,997000
2015-02-15,1393-11-26,3430,995000
2015-02-16,1393-11-27,3422,989000
2015-02-17,1393-11-28,3402,975000
2015-02-18,1393-11-29,3414,983000
2015-02-19,1393-11-30,3414,992000
2015-02-21,1393-12-02,3407,972500
2015-02-22,1393-12-03,3422,979500
2015-02-23,1393-12-04,3435,981500
2015-02-24,1393-12-05,3434,987500
2015-02-25,1393-12-06,3436,995500
2015-02-26,1393-12-07,3435,994000
2015-02-27,1393-12-08,3431,994000
2015-02-28,1393-12-09,3424,990500
2015-03-01,1393-12-10,3426,988000
2015-03-02,1393-12-11,3425,990000
2015-03-03,1393-12-12,3417,982000
2015-03-04,1393-12-13,3420,982000
2015-03-05,1393-12-14,3413,979500
2015-03-07,1393-12-16,3399,959500
2015-03-08,1393-12-17,3406,963000
2015-03-09,1393-12-18,3396,959500
2015-03-10,1393-12-19,3384,955000
2015-03-11,1393-12-20,3336,941500
2015-03-12,1393-12-21,3324,942000
2015-03-13,1393-12-22,3299,942000
2015-03-14,1393-12-23,3220,912000
2015-03-15,1393-12-24,3241,912000
2015-03-16,1393-12-25,3281,922000
2015-03-17,1393-12-26,3353,935000
2015-03-18,1393-12-27,3349,933000
2015-03-19,1393-12-28,3338,940000
2015-03-23,1394-01-03,3356,940000
2015-03-24,1394-01-04,3360,940000
2015-03-25,1394-01-05,3393,940000
2015-03-26,1394-01-06,3393,940000
2015-03-28,1394-01-08,3296,950000
2015-03-29,1394-01-09,3310,934000
2015-03-30,1394-01-10,3324,938000
2015-03-31,1394-01-11,3307,936000
2015-04-01,1394-01-12,3330,936000
2015-04-02,1394-01-13,3235,936000
2015-04-03,1394-01-14,3188,936000
2015-04-04,1394-01-15,3269,941000
2015-04-05,1394-01-16,3284,958500
2015-04-06,1394-01-17,3286,960000
2015-04-07,1394-01-18,3314,962000
2015-04-08,1394-01-19,3293,955000
2015-04-09,1394-01-20,3290,951000
2015-04-11,1394-01-22,3352,972000
2015-04-12,1394-01-23,3339,977000
2015-04-13,1394-01-24,3338,971500
2015-04-14,1394-01-25,3345,963000
2015-04-15,1394-01-26,3358,966500
2015-04-16,1394-01-27,3348,969000
2015-04-17,1394-01-28,3342,969000
2015-04-18,1394-01-29,3336,964000
2015-04-19,1394-01-30,3339,970500
2015-04-20,1394-01-31,3339,963000
2015-04-21,1394-02-01,3339,963000
2015-04-22,1394-02-02,3336,963000
2015-04-23,1394-02-03,3333,956000
2015-04-24,1394-02-04,3333,956000
2015-04-25,1394-02-05,3322,948000
2015-04-26,1394-02-06,3330,952000
2015-04-27,1394-02-07,3335,953000
2015-04-28,1394-02-08,3338,957500
2015-04-29,1394-02-09,3336,957000
2015-04-30,1394-02-10,3339,958000
2015-05-01,1394-02-11,3339,958000
2015-05-03,1394-02-13,3339,948000
2015-05-04,1394-02-14,3325,946500
2015-05-05,1394-02-15,3327,944500
2015-05-06,1394-02-16,3330,946000
2015-05-07,1394-02-17,3329,942000
2015-05-08,1394-02-18,3330,942000
2015-05-09,1394-02-19,3321,940000
2015-05-10,1394-02-20,3318,937500
2015-05-11,1394-02-21,3316,934500
2015-05-12,1394-02-22,3316,934000
2015-05-13,1394-02-23,3319,944000
2015-05-14,1394-02-24,3320,949000
2015-05-15,1394-02-25,3319,949000
2015-05-16,1394-02-26,3319,949000
2015-05-17,1394-02-27,3310,950000
2015-05-18,1394-02-28,3307,948000
2015-05-19,1394-02-29,3298,941000
2015-05-20,1394-02-30,3283,941000
2015-05-21,1394-02-31,3285,937500
2015-05-23,1394-03-02,3297,933000
2015-05-24,1394-03-03,3295,934500
2015-05-25,1394-03-04,3293,933000
2015-05-26,1394-03-05,3300,930500
2015-05-27,1394-03-06,3300,928000
2015-05-28,1394-03-07,3298,932000
2015-05-30,1394-03-09,3308,931500
2015-05-31,1394-03-10,3319,932500
2015-06-01,1394-03-11,3313,931500
2015-06-02,1394-03-12,3313,931000
2015-06-06,1394-03-16,3311,918500
2015-06-07,1394-03-17,3308,916000
2015-06-08,1394-03-18,3310,916000
2015-06-09,1394-03-19,3308,918500
2015-06-10,1394-03-20,3308,923000
2015-06-11,1394-03-21,3305,918500
2015-06-13,1394-03-23,3304,910000
2015-06-14,1394-03-24,3292,907000
2015-06-15,1394-03-25,3282,905000
2015-06-16,1394-03-26,3285,907000
2015-06-17,1394-03-27,3285,903000
2015-06-18,1394-03-28,3278,909000
2015-06-20,1394-03-30,3271,916000
2015-06-21,1394-03-31,3272,910500
2015-06-22,1394-04-01,3262,907000
2015-06-23,1394-04-02,3266,903500
2015-06-24,1394-04-03,3275,908500
2015-06-25,1394-04-04,3275,909000
2015-06-27,1394-04-06,3303,909000
2015-06-28,1394-04-07,3300,912000
2015-06-29,1394-04-08,3300,908000
2015-06-30,1394-04-09,3299,905000
2015-07-01,1394-04-10,3309,902100
2015-07-02,1394-04-11,3295,897000
2015-07-04,1394-04-13,3304,893500
2015-07-05,1394-04-14,3295,887000
2015-07-06,1394-04-15,3272,875000
2015-07-07,1394-04-16,3248,873500
2015-07-09,1394-04-18,3238,864000
2015-07-11,1394-04-20,3249,885500
2015-07-12,1394-04-21,3250,865500
2015-07-13,1394-04-22,3214,875500
2015-07-14,1394-04-23,3216,891500
2015-07-15,1394-04-24,3218,888000
2015-07-16,1394-04-25,3230,875000
2015-07-20,1394-04-29,3230,856000
2015-07-21,1394-04-30,3235,867500
2015-07-22,1394-04-31,3239,861000
2015-07-23,1394-05-01,3238,864500
2015-07-25,1394-05-03,3257,873500
2015-07-26,1394-05-04,3295,873000
2015-07-27,1394-05-05,3290,876400
2015-07-28,1394-05-06,3298,880000
2015-07-29,1394-05-07,3303,877000
2015-07-30,1394-05-08,3300,873000
2015-08-01,1394-05-10,3314,878800
2015-08-02,1394-05-11,3315,878500
2015-08-03,1394-05-12,3316,875000
2015-08-04,1394-05-13,3324,874000
2015-08-05,1394-05-14,3327,871000
2015-08-06,1394-05-15,3325,870300
2015-08-08,1394-05-17,3338,878000
2015-08-09,1394-05-18,3339,875500
2015-08-10,1394-05-19,3336,881000
2015-08-12,1394-05-21,3346,892500
2015-08-13,1394-05-22,3345,886000
2015-08-15,1394-05-24,3340,887500
2015-08-16,1394-05-25,3341,891000
2015-08-17,1394-05-26,3341,893500
2015-08-18,1394-05-27,3355,893000
2015-08-19,1394-05-28,3346,900000
2015-08-20,1394-05-29,3349,909500
2015-08-22,1394-05-31,3348,941000
2015-08-23,1394-06-01,3350,938000
2015-08-24,1394-06-02,3355,935500
2015-08-25,1394-06-03,3365,925500
2015-08-26,1394-06-04,3363,916000
2015-08-27,1394-06-05,3355,911000
2015-08-29,1394-06-07,3359,908500
2015-08-30,1394-06-08,3367,919000
2015-08-31,1394-06-09,3377,920000
2015-09-01,1394-06-10,3400,927500
2015-09-02,1394-06-11,3398,918500
2015-09-03,1394-06-12,3385,916500
2015-09-05,1394-06-14,3383,920000
2015-09-06,1394-06-15,3397,920500
2015-09-07,1394-06-16,3389,915000
2015-09-08,1394-06-17,3383,919500
2015-09-09,1394-06-18,3385,914500
2015-09-10,1394-06-19,3385,912000
2015-09-12,1394-06-21,3390,911000
2015-09-13,1394-06-22,3398,911500
2015-09-14,1394-06-23,3420,911500
2015-09-15,1394-06-24,3395,909500
2015-09-16,1394-06-25,3393,911500
2015-09-17,1394-06-26,3385,910000
2015-09-19,1394-06-28,3385,918000
2015-09-20,1394-06-29,3383,916500
2015-09-21,1394-06-30,3372,915500
2015-09-22,1394-06-31,3388,908000
2015-09-23,1394-07-01,3385,910000
2015-09-26,1394-07-04,3384,922000
2015-09-27,1394-07-05,3393,922000
2015-09-28,1394-07-06,3392,918500
2015-09-29,1394-07-07,3409,922000
2015-09-30,1394-07-08,3409,916000
2015-10-01,1394-07-09,3405,914500
2015-10-03,1394-07-11,3409,922000
2015-10-04,1394-07-12,3395,921500
2015-10-05,1394-07-13,3399,923000
2015-10-06,1394-07-14,3399,928500
2015-10-07,1394-07-15,3399,934500
2015-10-08,1394-07-16,3398,934000
2015-10-10,1394-07-18,3398,939000
2015-10-11,1394-07-19,3390,942500
2015-10-12,1394-07-20,3389,941500
2015-10-13,1394-07-21,3388,940000
2015-10-14,1394-07-22,3389,950000
2015-10-15,1394-07-23,3388,956500
2015-10-17,1394-07-25,3387,949000
2015-10-18,1394-07-26,3387,948500
2015-10-19,1394-07-27,3381,939500
2015-10-20,1394-07-28,3381,943500
2015-10-21,1394-07-29,3383,941000
2015-10-22,1394-07-30,3385,941500
2015-10-25,1394-08-03,3385,941500
2015-10-26,1394-08-04,3388,943000
2015-10-27,1394-08-05,3389,946500
2015-10-28,1394-08-06,3390,953500
2015-10-29,1394-08-07,3389,942000
2015-10-31,1394-08-09,3389,937500
2015-11-01,1394-08-10,3395,936500
2015-11-02,1394-08-11,3394,934000
2015-11-03,1394-08-12,3394,930000
2015-11-04,1394-08-13,3393,922000
2015-11-05,1394-08-14,3389,918000
2015-11-07,1394-08-16,3393,908500
2015-11-08,1394-08-17,3395,910000
2015-11-09,1394-08-18,3396,915500
2015-11-10,1394-08-19,3395,915000
2015-11-11,1394-08-20,3394,915000
2015-11-12,1394-08-21,3393,914500
2015-11-14,1394-08-23,3399,920000
2015-11-15,1394-08-24,3394,918000
2015-11-16,1394-08-25,3394,916000
2015-11-17,1394-08-26,3394,908000
2015-11-18,1394-08-27,3393,906500
2015-11-19,1394-08-28,3393,913500
2015-11-21,1394-08-30,3393,907000
2015-11-22,1394-09-01,3394,908000
2015-11-23,1394-09-02,3394,903500
2015-11-24,1394-09-03,3398,908000
2015-11-25,1394-09-04,3399,910500
2015-11-26,1394-09-05,3392,911500
2015-11-27,1394-09-06,3393,911500
2015-11-28,1394-09-07,3399,906000
2015-11-29,1394-09-08,3399,908500
2015-11-30,1394-09-09,3399,911000
2015-12-01,1394-09-10,3399,914500
2015-12-03,1394-09-12,3397,910500
2015-12-05,1394-09-14,3397,919500
2015-12-06,1394-09-15,3397,921000
2015-12-07,1394-09-16,3396,921500
2015-12-08,1394-09-17,3396,920000
2015-12-09,1394-09-18,3395,920000
2015-12-13,1394-09-22,3394,921000
2015-12-14,1394-09-23,3394,916500
2015-12-15,1394-09-24,3394,908000
2015-12-16,1394-09-25,3397,914500
2015-12-17,1394-09-26,3389,911000
2015-12-19,1394-09-28,3380,917000
2015-12-20,1394-09-29,3385,917500
2015-12-21,1394-09-30,3384,923500
2015-12-22,1394-10-01,3386,925500
2015-12-23,1394-10-02,3387,928500
2015-12-24,1394-10-03,3388,932000
2015-12-26,1394-10-05,3385,942000
2015-12-27,1394-10-06,3380,942000
2015-12-28,1394-10-07,3380,934500
2015-12-30,1394-10-09,3383,931500
2015-12-31,1394-10-10,3387,933500
2016-01-02,1394-10-12,3384,931000
2016-01-03,1394-10-13,3384,934000
2016-01-04,1394-10-14,3389,940000
2016-01-05,1394-10-15,3394,940000
2016-01-06,1394-10-16,3394,946000
2016-01-07,1394-10-17,3394,954000
2016-01-09,1394-10-19,3399,965500
2016-01-10,1394-10-20,3395,960000
2016-01-11,1394-10-21,3389,948500
2016-01-12,1394-10-22,3388,938500
2016-01-13,1394-10-23,3387,934500
2016-01-14,1394-10-24,3385,930500
2016-01-16,1394-10-26,3384,918000
2016-01-17,1394-10-27,3384,927000
2016-01-18,1394-10-28,3384,920000
2016-01-19,1394-10-29,3383,920000
2016-01-20,1394-10-30,3384,930000
2016-01-21,1394-11-01,3383,930500
2016-01-23,1394-11-03,3387,941000
2016-01-24,1394-11-04,3387,936000
2016-01-25,1394-11-05,3385,944500
2016-01-26,1394-11-06,3385,955000
2016-01-27,1394-11-07,3384,949000
2016-01-28,1394-11-08,3384,944500
2016-01-30,1394-11-10,3382,946000
2016-01-31,1394-11-11,3384,949000
2016-02-01,1394-11-12,3383,955000
2016-02-02,1394-11-13,3383,955000
2016-02-03,1394-11-14,3382,958500
2016-02-04,1394-11-15,3382,966500
2016-02-06,1394-11-17,3381,984500
2016-02-07,1394-11-18,3380,972500
2016-02-08,1394-11-19,3380,986500
2016-02-09,1394-11-20,3380,979500
2016-02-10,1394-11-21,3380,977000
2016-02-13,1394-11-24,3380,1005500
2016-02-14,1394-11-25,3380,999500
2016-02-15,1394-11-26,3384,976000
2016-02-16,1394-11-27,3443,978500
2016-02-17,1394-11-28,3462,986500
2016-02-18,1394-11-29,3471,989000
2016-02-20,1394-12-01,3445,985000
2016-02-21,1394-12-02,3450,988500
2016-02-22,1394-12-03,3454,981000
2016-02-23,1394-12-04,3465,993500
2016-02-24,1394-12-05,3468,1008000
2016-02-25,1394-12-06,3475,1005000
2016-02-27,1394-12-08,3485,997000
2016-02-28,1394-12-09,3455,994500
2016-02-29,1394-12-10,3455,1003500
2016-03-01,1394-12-11,3454,1001500
2016-03-02,1394-12-12,3454,1004500
2016-03-03,1394-12-13,3445,1009500
2016-03-05,1394-12-15,3425,1013000
2016-03-06,1394-12-16,3434,1011500
2016-03-07,1394-12-17,3426,1008500
2016-03-08,1394-12-18,3408,1014000
2016-03-09,1394-12-19,3424,1012500
2016-03-10,1394-12-20,3437,1013500
2016-03-12,1394-12-22,3427,1010500
2016-03-14,1394-12-24,3418,1010500
2016-03-15,1394-12-25,3429,1006500
2016-03-16,1394-12-26,3430,1013000
2016-03-17,1394-12-27,3425,1013000
2016-03-26,1395-01-07,3468,1005000
2016-03-27,1395-01-08,3466,1007000
2016-03-29,1395-01-10,3513,1013500
2016-03-30,1395-01-11,3482,1019000
2016-03-31,1395-01-12,3485,1019000
2016-04-02,1395-01-14,3475,1020000
2016-04-03,1395-01-15,3449,1018500
2016-04-04,1395-01-16,3450,1016000
2016-04-05,1395-01-17,3476,1029000
2016-04-06,1395-01-18,3470,1023000
2016-04-07,1395-01-19,3465,1025500
2016-04-08,1395-01-20,3465,1025500
2016-04-09,1395-01-21,3469,1033000
2016-04-10,1395-01-22,3472,1032000
2016-04-11,1395-01-23,3470,1042500
2016-04-12,1395-01-24,3469,1039000
2016-04-13,1395-01-25,3466,1033000
2016-04-14,1395-01-26,3462,1022500
2016-04-16,1395-01-28,3464,1026000
2016-04-17,1395-01-29,3455,1027500
2016-04-18,1395-01-30,3451,1027000
2016-04-19,1395-01-31,3464,1031000
2016-04-20,1395-02-01,3458,1030000
2016-04-23,1395-02-04,3459,1020500
2016-04-24,1395-02-05,3469,1022000
2016-04-25,1395-02-06,3467,1023000
2016-04-26,1395-02-07,3460,1026000
2016-04-27,1395-02-08,3460,1028500
2016-04-28,1395-02-09,3457,1032500
2016-04-30,1395-02-11,3455,1046000
2016-05-01,1395-02-12,3451,1047500
2016-05-02,1395-02-13,3450,1041500
2016-05-03,1395-02-14,3447,1040000
2016-05-04,1395-02-15,3443,1033500
2016-05-07,1395-02-18,3444,1039500
2016-05-08,1395-02-19,3446,1038800
2016-05-09,1395-02-20,3445,1031800
2016-05-10,1395-02-21,3450,1031300
2016-05-11,1395-02-22,3449,1033600
2016-05-12,1395-02-23,3443,1030100
2016-05-14,1395-02-25,3440,1024300
2016-05-15,1395-02-26,3442,1028100
2016-05-16,1395-02-27,3439,1027000
2016-05-17,1395-02-28,3437,1024300
2016-05-18,1395-02-29,3437,1024600
2016-05-19,1395-02-30,3437,1011200
2016-05-21,1395-03-01,3439,1009800
2016-05-23,1395-03-03,3449,1009700
2016-05-24,1395-03-04,3455,1006200
2016-05-25,1395-03-05,3454,998800
2016-05-26,1395-03-06,3455,1002000
2016-05-28,1395-03-08,3479,1000000
2016-05-29,1395-03-09,3470,997500
2016-05-30,1395-03-10,3463,1000200
2016-05-31,1395-03-11,3465,1001400
2016-06-01,1395-03-12,3465,998600
2016-06-02,1395-03-13,3471,1002500
2016-06-03,1395-03-14,3471,1002500
2016-06-04,1395-03-15,3471,1002500
2016-06-05,1395-03-16,3467,1012600
2016-06-06,1395-03-17,3453,1008000
2016-06-07,1395-03-18,3455,1004000
2016-06-08,1395-03-19,3458,1016850
2016-06-09,1395-03-20,3460,1026700
2016-06-11,1395-03-22,3461,1029500
2016-06-12,1395-03-23,3460,1028800
2016-06-13,1395-03-24,3453,1030600
2016-06-14,1395-03-25,3459,1031700
2016-06-15,1395-03-26,3460,1031400
2016-06-16,1395-03-27,3455,1049300
2016-06-18,1395-03-29,3454,1042200
2016-06-19,1395-03-30,3454,1042100
2016-06-20,1395-03-31,3455,1034000
2016-06-21,1395-04-01,3460,1028700
2016-06-22,1395-04-02,3463,1027800
2016-06-25,1395-04-05,3461,1062100
2016-06-26,1395-04-06,3485,1069100
2016-06-28,1395-04-08,3489,1073000
2016-06-29,1395-04-09,3519,1088500
2016-06-30,1395-04-10,3529,1081300
2016-07-02,1395-04-12,3516,1102600
2016-07-03,1395-04-13,3479,1097400
2016-07-04,1395-04-14,3487,1100200
2016-07-05,1395-04-15,3487,1100800
2016-07-09,1395-04-19,3483,1120300
2016-07-10,1395-04-20,3497,1118700
2016-07-11,1395-04-21,3501,1116400
2016-07-12,1395-04-22,3512,1107000
2016-07-13,1395-04-23,3501,1102300
2016-07-14,1395-04-24,3504,1094000
2016-07-16,1395-04-26,3511,1091400
2016-07-17,1395-04-27,3512,1089400
2016-07-18,1395-04-28,3515,1084450
2016-07-19,1395-04-29,3519,1087500
2016-07-20,1395-04-30,3513,1082200
2016-07-21,1395-04-31,3503,1089600
2016-07-23,1395-05-02,3509,1087200
2016-07-24,1395-05-03,3517,1085700
2016-07-25,1395-05-04,3511,1087500
2016-07-26,1395-05-05,3518,1092200
2016-07-27,1395-05-06,3518,1097900
2016-07-28,1395-05-07,3544,1106200
2016-07-31,1395-05-10,3538,1115700
2016-08-01,1395-05-11,3528,1117400
2016-08-02,1395-05-12,3540,1128700
2016-08-03,1395-05-13,3531,1119800
2016-08-04,1395-05-14,3517,1120500
2016-08-06,1395-05-16,3527,1104700
2016-08-07,1395-05-17,3533,1106000
2016-08-08,1395-05-18,3540,1107100
2016-08-09,1395-05-19,3545,1114100
2016-08-10,1395-05-20,3535,1121000
2016-08-11,1395-05-21,3538,1119500
2016-08-12,1395-05-22,3528,1119500
2016-08-13,1395-05-23,3552,1108900
2016-08-14,1395-05-24,3531,1108600
2016-08-15,1395-05-25,3543,1112600
2016-08-16,1395-05-26,3543,1118800
2016-08-17,1395-05-27,3542,1118400
2016-08-18,1395-05-28,3545,1120500
2016-08-20,1395-05-30,3512,1114000
2016-08-21,1395-05-31,3527,1114700
2016-08-22,1395-06-01,3547,1113400
2016-08-23,1395-06-02,3542,1116300
2016-08-24,1395-06-03,3543,1109700
2016-08-25,1395-06-04,3530,1109000
2016-08-27,1395-06-06,3556,1111500
2016-08-28,1395-06-07,3550,1111400
2016-08-29,1395-06-08,3555,1115000
2016-08-30,1395-06-09,3555,1112700
2016-08-31,1395-06-10,3555,1109400
2016-09-01,1395-06-11,3557,1111500
2016-09-03,1395-06-13,3559,1119800
2016-09-04,1395-06-14,3565,1119700
2016-09-05,1395-06-15,3552,1116400
2016-09-06,1395-06-16,3555,1123000
2016-09-07,1395-06-17,3554,1121600
2016-09-08,1395-06-18,3557,1121900
2016-09-10,1395-06-20,3545,1114800
2016-09-11,1395-06-21,3550,1117000
2016-09-13,1395-06-23,3561,1116100
2016-09-14,1395-06-24,3563,1115500
2016-09-15,1395-06-25,3572,1115500
2016-09-17,1395-06-27,3562,1112600
2016-09-18,1395-06-28,3560,1113600
2016-09-19,1395-06-29,3552,1113000
2016-09-21,1395-06-31,3560,1117700
2016-09-22,1395-07-01,3554,1120200
2016-09-24,1395-07-03,3563,1117700
2016-09-25,1395-07-04,3568,1119200
2016-09-26,1395-07-05,3570,1118700
2016-09-27,1395-07-06,3573,1116600
2016-09-28,1395-07-07,3561,1114500
2016-09-29,1395-07-08,3580,1115100
2016-10-01,1395-07-10,3583,1115600
2016-10-02,1395-07-11,3577,1116800
2016-10-03,1395-07-12,3581,1116000
2016-10-04,1395-07-13,3586,1090700
2016-10-05,1395-07-14,3587,1087500
2016-10-06,1395-07-15,3572,1083300
2016-10-08,1395-07-17,3585,1082800
2016-10-09,1395-07-18,3581,1083500
2016-10-10,1395-07-19,3585,1084800
2016-10-13,1395-07-22,3585,1085200
2016-10-15,1395-07-24,3588,1083800
2016-10-16,1395-07-25,3588,1083900
2016-10-17,1395-07-26,3585,1088300
2016-10-18,1395-07-27,3583,1092700
2016-10-19,1395-07-28,3585,1092300
2016-10-20,1395-07-29,3585,1094400
2016-10-22,1395-08-01,3588,1096400
2016-10-23,1395-08-02,3591,1097400
2016-10-24,1395-08-03,3595,1102900
2016-10-25,1395-08-04,3568,1110700
2016-10-26,1395-08-05,3605,1108800
2016-10-27,1395-08-06,3618,1109600
2016-10-29,1395-08-08,3608,1110100
2016-10-30,1395-08-09,3611,1118300
2016-10-31,1395-08-10,3619,1111700
2016-11-01,1395-08-11,3627,1117900
2016-11-02,1395-08-12,3623,1127100
2016-11-03,1395-08-13,3620,1122900
2016-11-05,1395-08-15,3623,1124500
2016-11-06,1395-08-16,3629,1126900
2016-11-07,1395-08-17,3625,1116000
2016-11-08,1395-08-18,3640,1117000
2016-11-09,1395-08-19,3648,1124000
2016-11-10,1395-08-20,3657,1123200
2016-11-12,1395-08-22,3648,1106600
2016-11-13,1395-08-23,3655,1109900
2016-11-14,1395-08-24,3668,1115000
2016-11-15,1395-08-25,3668,1111900
2016-11-16,1395-08-26,3674,1113000
2016-11-17,1395-08-27,3685,1108800
2016-11-19,1395-08-29,3681,1100300
2016-11-21,1395-09-01,3673,1101000
2016-11-22,1395-09-02,3677,1112700
2016-11-23,1395-09-03,3703,1109200
2016-11-24,1395-09-04,3718,1107900
2016-11-26,1395-09-06,3746,1104800
2016-11-27,1395-09-07,3791,1114400
2016-11-29,1395-09-09,3871,1128000
2016-12-01,1395-09-11,3829,1115800
2016-12-03,1395-09-13,3802,1131600
2016-12-04,1395-09-14,3895,1138700
2016-12-05,1395-09-15,3896,1138100
2016-12-06,1395-09-16,3888,1135000
2016-12-07,1395-09-17,3876,1137300
2016-12-08,1395-09-18,3899,1138700
2016-12-10,1395-09-20,3899,1138200
2016-12-11,1395-09-21,3891,1136300
2016-12-12,1395-09-22,3868,1141400
2016-12-13,1395-09-23,3897,1142600
2016-12-14,1395-09-24,3914,1145500
2016-12-15,1395-09-25,3928,1138200
2016-12-18,1395-09-28,3928,1137900
2016-12-19,1395-09-29,3917,1138800
2016-12-20,1395-09-30,3918,1141200
2016-12-21,1395-10-01,3978,1146100
2016-12-22,1395-10-02,3985,1147700
2016-12-24,1395-10-04,3988,1156800
2016-12-25,1395-10-05,4066,1171300
2016-12-26,1395-10-06,4072,1186400
2016-12-27,1395-10-07,4121,1216300
2016-12-28,1395-10-08,4075,1188500
2016-12-29,1395-10-09,4029,1168200
2016-12-31,1395-10-11,3948,1130200
2017-01-01,1395-10-12,3835,1146000
2017-01-02,1395-10-13,3879,1156500
2017-01-03,1395-10-14,3914,1155700
2017-01-04,1395-10-15,3900,1162700
2017-01-05,1395-10-16,3903,1174000
2017-01-07,1395-10-18,3904,1188700
2017-01-08,1395-10-19,3945,1180400
2017-01-09,1395-10-20,3965,1187000
2017-01-11,1395-10-22,3979,1194700
2017-01-12,1395-10-23,3979,1200300
2017-01-14,1395-10-25,3951,1176200
2017-01-15,1395-10-26,3944,1186300
2017-01-16,1395-10-27,3914,1183700
2017-01-17,1395-10-28,3834,1184500
2017-01-18,1395-10-29,3820,1184700
2017-01-19,1395-10-30,3824,1183700
2017-01-21,1395-11-02,3808,1163800
2017-01-22,1395-11-03,3833,1178200
2017-01-23,1395-11-04,3850,1186400
2017-01-24,1395-11-05,3854,1182700
2017-01-25,1395-11-06,3860,1178600
2017-01-26,1395-11-07,3858,1172400
2017-01-28,1395-11-09,3859,1174000
2017-01-29,1395-11-10,3851,1175500
2017-01-30,1395-11-11,3823,1169200
2017-01-31,1395-11-12,3821,1187000
2017-02-01,1395-11-13,3826,1183700
2017-02-02,1395-11-14,3824,1188600
2017-02-04,1395-11-16,3843,1196500
2017-02-05,1395-11-17,3852,1197200
2017-02-06,1395-11-18,3847,1213500
2017-02-07,1395-11-19,3836,1209700
2017-02-08,1395-11-20,3826,1203300
2017-02-09,1395-11-21,3826,1199300
2017-02-11,1395-11-23,3829,1202300
2017-02-12,1395-11-24,3823,1201500
2017-02-13,1395-11-25,3814,1184000
2017-02-14,1395-11-26,3808,1187700
2017-02-15,1395-11-27,3815,1190300
2017-02-16,1395-11-28,3811,1197500
2017-02-18,1395-11-30,3802,1189000
2017-02-19,1395-12-01,3793,1189000
2017-02-20,1395-12-02,3790,1193000
2017-02-21,1395-12-03,3787,1192000
2017-02-22,1395-12-04,3780,1193500
2017-02-23,1395-12-05,3780,1200000
2017-02-25,1395-12-07,3778,1208100
2017-02-26,1395-12-08,3781,1214500
2017-02-27,1395-12-09,3779,1204000
2017-02-28,1395-12-10,3779,1201300
2017-03-01,1395-12-11,3784,1198500
2017-03-02,1395-12-12,3783,1198500
2017-03-04,1395-12-14,3781,1202900
2017-03-05,1395-12-15,3774,1201200
2017-03-06,1395-12-16,3761,1201500
2017-03-07,1395-12-17,3746,1199500
2017-03-08,1395-12-18,3724,1187800
2017-03-09,1395-12-19,3749,1194500
2017-03-11,1395-12-21,3759,1189100
2017-03-12,1395-12-22,3749,1210000
2017-03-13,1395-12-23,3750,1198300
2017-03-14,1395-12-24,3763,1188000
2017-03-15,1395-12-25,3795,1188500
2017-03-16,1395-12-26,3757,1195200
2017-03-18,1395-12-28,3748,1196800
2017-03-21,1396-01-01,3748,1200800
2017-03-23,1396-01-03,3748,1200800
2017-03-25,1396-01-05,3767,1200800
2017-03-26,1396-01-06,3754,1201000
2017-03-27,1396-01-07,3764,1205200
2017-03-28,1396-01-08,3766,1207700
2017-03-29,1396-01-09,3752,1204500
2017-03-30,1396-01-10,3740,1204500
2017-04-03,1396-01-14,3769,1204000
2017-04-04,1396-01-15,3753,1208500
2017-04-05,1396-01-16,3765,1210000
2017-04-06,1396-01-17,3761,1209500
2017-04-08,1396-01-19,3761,1202500
2017-04-09,1396-01-20,3763,1201450
2017-04-10,1396-01-21,3763,1200000
2017-04-12,1396-01-23,3763,1206150
2017-04-13,1396-01-24,3759,1207350
2017-04-15,1396-01-26,3760,1216400
2017-04-16,1396-01-27,3755,1222600
2017-04-17,1396-01-28,3755,1227900
2017-04-18,1396-01-29,3750,1222100
2017-04-19,1396-01-30,3749,1216700
2017-04-20,1396-01-31,3748,1217000
2017-04-22,1396-02-02,3749,1223000
2017-04-23,1396-02-03,3753,1225000
2017-04-24,1396-02-04,3753,1220350
2017-04-26,1396-02-06,3760,1219950
2017-04-27,1396-02-07,3762,1220400
2017-04-29,1396-02-09,3773,1218800
2017-04-30,1396-02-10,3773,1220200
2017-05-01,1396-02-11,3767,1213400
2017-05-02,1396-02-12,3762,1209200
2017-05-03,1396-02-13,3765,1211300
2017-05-04,1396-02-14,3770,1208000
2017-05-06,1396-02-16,3763,1195800
2017-05-07,1396-02-17,3759,1195600
2017-05-08,1396-02-18,3757,1203200
2017-05-09,1396-02-19,3754,1203300
2017-05-10,1396-02-20,3757,1206000
2017-05-11,1396-02-21,3759,1208350
2017-05-13,1396-02-23,3759,1209350
2017-05-14,1396-02-24,3756,1214050
2017-05-15,1396-02-25,3754,1212200
2017-05-16,1396-02-26,3755,1215050
2017-05-17,1396-02-27,3771,1225650
2017-05-18,1396-02-28,3767,1221100
2017-05-20,1396-02-30,3741,1216750
2017-05-21,1396-02-31,3740,1215150
2017-05-22,1396-03-01,3735,1211550
2017-05-23,1396-03-02,3753,1205950
2017-05-24,1396-03-03,3748,1198450
2017-05-25,1396-03-04,3743,1202900
2017-05-27,1396-03-06,3743,1205500
2017-05-28,1396-03-07,3737,1206550
2017-05-29,1396-03-08,3738,1204550
2017-05-30,1396-03-09,3736,1199600
2017-05-31,1396-03-10,3734,1199000
2017-06-01,1396-03-11,3734,1200400
2017-06-03,1396-03-13,3732,1202700
2017-06-04,1396-03-14,3733,1202850
2017-06-06,1396-03-16,3730,1205100
2017-06-07,1396-03-17,3738,1205250
2017-06-08,1396-03-18,3737,1202950
2017-06-10,1396-03-20,3736,1198400
2017-06-11,1396-03-21,3735,1200000
2017-06-12,1396-03-22,3730,1199000
2017-06-13,1396-03-23,3727,1200800
2017-06-14,1396-03-24,3730,1201450
2017-06-15,1396-03-25,3731,1200000
2017-06-17,1396-03-27,3732,1216450
2017-06-18,1396-03-28,3750,1219500
2017-06-19,1396-03-29,3750,1211850
2017-06-20,1396-03-30,3745,1211900
2017-06-21,1396-03-31,3742,1208950
2017-06-22,1396-04-01,3744,1211700
2017-06-24,1396-04-03,3757,1210900
2017-06-25,1396-04-04,3754,1213800
2017-06-27,1396-04-06,3754,1213000
2017-06-28,1396-04-07,3759,1214850
2017-06-29,1396-04-08,3768,1215900
2017-07-01,1396-04-10,3789,1218100
2017-07-02,1396-04-11,3784,1218500
2017-07-03,1396-04-12,3779,1214250
2017-07-04,1396-04-13,3780,1211900
2017-07-05,1396-04-14,3788,1212200
2017-07-06,1396-04-15,3788,1211900
2017-07-08,1396-04-17,3789,1206450
2017-07-09,1396-04-18,3786,1210750
2017-07-10,1396-04-19,3788,1210850
2017-07-11,1396-04-20,3793,1210600
2017-07-12,1396-04-21,3790,1209550
2017-07-13,1396-04-22,3785,1206750
2017-07-15,1396-04-24,3782,1208650
2017-07-16,1396-04-25,3780,1207200
2017-07-17,1396-04-26,3779,1206050
2017-07-18,1396-04-27,3778,1205000
2017-07-19,1396-04-28,3777,1204500
2017-07-20,1396-04-29,3782,1204650
2017-07-22,1396-04-31,3776,1202300
2017-07-23,1396-05-01,3775,1200750
2017-07-24,1396-05-02,3772,1199300
2017-07-25,1396-05-03,3779,1202550
2017-07-26,1396-05-04,3800,1211750
2017-07-27,1396-05-05,3801,1212800
2017-07-29,1396-05-07,3807,1221500
2017-07-30,1396-05-08,3812,1219300
2017-07-31,1396-05-09,3813,1216850
2017-08-01,1396-05-10,3819,1217750
2017-08-02,1396-05-11,3821,1220350
2017-08-03,1396-05-12,3826,1219650
2017-08-06,1396-05-15,3821,1214750
2017-08-07,1396-05-16,3815,1218250
2017-08-08,1396-05-17,3811,1220450
2017-08-09,1396-05-18,3811,1219900
2017-08-12,1396-05-21,3813,1223550
2017-08-13,1396-05-22,3812,1222600
2017-08-14,1396-05-23,3813,1217700
2017-08-15,1396-05-24,3817,1213000
2017-08-16,1396-05-25,3820,1212200
2017-08-17,1396-05-26,3820,1212200
2017-08-19,1396-05-28,3824,1208800
2017-08-20,1396-05-29,3828,1207300
2017-08-21,1396-05-30,3830,1214100
2017-08-22,1396-05-31,3830,1210700
2017-08-23,1396-06-01,3833,1210600
2017-08-24,1396-06-02,3838,1212200
2017-08-26,1396-06-04,3852,1217300
2017-08-27,1396-06-05,3859,1220800
2017-08-28,1396-06-06,3858,1225600
2017-08-29,1396-06-07,3863,1226600
2017-08-30,1396-06-08,3872,1222800
2017-08-31,1396-06-09,3874,1226300
2017-09-02,1396-06-11,3882,1253100
2017-09-03,1396-06-12,3890,1274900
2017-09-04,1396-06-13,3879,1255900
2017-09-05,1396-06-14,3882,1257900
2017-09-06,1396-06-15,3894,1266000
2017-09-07,1396-06-16,3904,1272800
2017-09-10,1396-06-19,3900,1268200
2017-09-11,1396-06-20,3900,1257200
2017-09-12,1396-06-21,3914,1262800
2017-09-13,1396-06-22,3920,1259400
2017-09-14,1396-06-23,3910,1254200
2017-09-16,1396-06-25,3904,1247900
2017-09-17,1396-06-26,3898,1244300
2017-09-18,1396-06-27,3897,1241200
2017-09-19,1396-06-28,3892,1242500
2017-09-20,1396-06-29,3893,1246100
2017-09-21,1396-06-30,3892,1236100
2017-09-23,1396-07-01,3893,1237700
2017-09-24,1396-07-02,3892,1241300
2017-09-25,1396-07-03,3900,1248400
2017-09-26,1396-07-04,3906,1244900
2017-09-27,1396-07-05,3907,1246100
2017-09-28,1396-07-06,3911,1246600
2017-10-02,1396-07-10,3916,1244100
2017-10-03,1396-07-11,3930,1247400
2017-10-04,1396-07-12,3937,1253200
2017-10-05,1396-07-13,3948,1253000
2017-10-07,1396-07-15,3971,1287500
2017-10-08,1396-07-16,3978,1297000
2017-10-09,1396-07-17,4041,1312500
2017-10-10,1396-07-18,4024,1306000
2017-10-11,1396-07-19,4016,1307200
2017-10-12,1396-07-20,4017,1320000
2017-10-14,1396-07-22,3997,1311000
2017-10-15,1396-07-23,4007,1313600
2017-10-16,1396-07-24,4008,1314000
2017-10-17,1396-07-25,4019,1308900
2017-10-18,1396-07-26,4021,1308500
2017-10-19,1396-07-27,4017,1310300
2017-10-21,1396-07-29,4013,1295200
2017-10-22,1396-07-30,4011,1296500
2017-10-23,1396-08-01,4018,1305600
2017-10-24,1396-08-02,4030,1311000
2017-10-25,1396-08-03,4028,1308000
2017-10-26,1396-08-04,4032,1302600
2017-10-28,1396-08-06,4060,1317400
2017-10-29,1396-08-07,4069,1319000
2017-10-30,1396-08-08,4055,1314400
2017-10-31,1396-08-09,4052,1313300
2017-11-01,1396-08-10,4058,1318000
2017-11-02,1396-08-11,4054,1319500
2017-11-04,1396-08-13,4054,1318700
2017-11-05,1396-08-14,4066,1330200
2017-11-06,1396-08-15,4072,1343000
2017-11-07,1396-08-16,4070,1339300
2017-11-08,1396-08-17,4074,1349700
2017-11-11,1396-08-20,4083,1349700
2017-11-12,1396-08-21,4099,1373000
2017-11-13,1396-08-22,4136,1388000
2017-11-14,1396-08-23,4122,1389500
2017-11-15,1396-08-24,4101,1388300
2017-11-16,1396-08-25,4100,1389500
2017-11-18,1396-08-27,4096,1414500
2017-11-20,1396-08-29,4094,1421000
2017-11-21,1396-08-30,4093,1444100
2017-11-22,1396-09-01,4121,1417500
2017-11-23,1396-09-02,4124,1390300
2017-11-25,1396-09-04,4127,1361700
2017-11-26,1396-09-05,4118,1357000
2017-11-27,1396-09-06,4118,1360500
2017-11-28,1396-09-07,4127,1356000
2017-11-29,1396-09-08,4136,1376400
2017-11-30,1396-09-09,4139,1381500
2017-12-02,1396-09-11,4155,1393800
2017-12-03,1396-09-12,4164,1393500
2017-12-04,1396-09-13,4186,1425800
2017-12-05,1396-09-14,4202,1415500
2017-12-07,1396-09-16,4195,1414500
2017-12-09,1396-09-18,4203,1415500
2017-12-10,1396-09-19,4207,1408700
2017-12-11,1396-09-20,4211,1412700
2017-12-12,1396-09-21,4220,1410400
2017-12-13,1396-09-22,4219,1412000
2017-12-14,1396-09-23,4211,1411700
2017-12-16,1396-09-25,4190,1399700
2017-12-17,1396-09-26,4183,1384700
2017-12-18,1396-09-27,4181,1392700
2017-12-19,1396-09-28,4197,1388000
2017-12-20,1396-09-29,4186,1392000
2017-12-21,1396-09-30,4194,1391500
2017-12-23,1396-10-02,4186,1395500
2017-12-24,1396-10-03,4194,1396000
2017-12-25,1396-10-04,4179,1396900
2017-12-26,1396-10-05,4189,1404300
2017-12-27,1396-10-06,4189,1411300
2017-12-28,1396-10-07,4203,1414800
2017-12-30,1396-10-09,4235,1443400
2017-12-31,1396-10-10,4288,1450000
2018-01-01,1396-10-11,4288,1489000
2018-01-02,1396-10-12,4339,1490750
2018-01-03,1396-10-13,4374,1503000
2018-01-04,1396-10-14,4324,1465500
2018-01-06,1396-10-16,4332,1472500
2018-01-07,1396-10-17,4353,1470000
2018-01-08,1396-10-18,4395,1468300
2018-01-09,1396-10-19,4366,1470000
2018-01-10,1396-10-20,4401,1494500
2018-01-11,1396-10-21,4415,1492500
2018-01-13,1396-10-23,4411,1501500
2018-01-14,1396-10-24,4426,1487700
2018-01-15,1396-10-25,4421,1492000
2018-01-16,1396-10-26,4429,1494000
2018-01-17,1396-10-27,4448,1515000
2018-01-18,1396-10-28,4458,1502500
2018-01-20,1396-10-30,4533,1519500
2018-01-21,1396-11-01,4597,1528200
2018-01-22,1396-11-02,4579,1528500
2018-01-23,1396-11-03,4580,1518000
2018-01-24,1396-11-04,4566,1519000
2018-01-25,1396-11-05,4533,1518000
2018-01-27,1396-11-07,4516,1477500
2018-01-28,1396-11-08,4568,1489000
2018-01-29,1396-11-09,4550,1477000
2018-01-30,1396-11-10,4567,1487500
2018-01-31,1396-11-11,4645,1503500
2018-02-01,1396-11-12,4647,1491500
2018-02-03,1396-11-14,4704,1509500
2018-02-04,1396-11-15,4744,1519500
2018-02-05,1396-11-16,4676,1522500
2018-02-06,1396-11-17,4690,1522500
2018-02-07,1396-11-18,4545,1520500
2018-02-08,1396-11-19,4670,1525000
2018-02-10,1396-11-21,4725,1542500
2018-02-11,1396-11-22,4727,1544000
2018-02-12,1396-11-23,4849,1574000
2018-02-13,1396-11-24,4877,1590500
2018-02-14,1396-11-25,4817,1577500
2018-02-15,1396-11-26,4738,1577500
2018-02-17,1396-11-28,4697,1515500
2018-02-18,1396-11-29,4609,1501750
2018-02-19,1396-11-30,4575,1486250
2018-02-21,1396-12-02,4518,1475000
2018-02-22,1396-12-03,4493,1479900
2018-02-24,1396-12-05,4478,1510000
2018-02-25,1396-12-06,4476,1520000
2018-02-26,1396-12-07,4478,1537000
2018-02-27,1396-12-08,4472,1541600
2018-02-28,1396-12-09,4471,1555000
2018-03-01,1396-12-10,4470,1550300
2018-03-02,1396-12-11,4469,1553500
2018-03-03,1396-12-12,4708,1573000
2018-03-04,1396-12-13,4770,1591000
2018-03-05,1396-12-14,4769,1591700
2018-03-06,1396-12-15,4775,1588800
2018-03-07,1396-12-16,4788,1586100
2018-03-08,1396-12-17,4786,1583100
2018-03-09,1396-12-18,4789,1583700
2018-03-10,1396-12-19,4796,1575000
2018-03-11,1396-12-20,4803,1582000
2018-03-12,1396-12-21,4826,1600000
2018-03-13,1396-12-22,4816,1614400
2018-03-14,1396-12-23,4851,1640200
2018-03-15,1396-12-24,4849,1630000
2018-03-16,1396-12-25,4865,1630000
2018-03-17,1396-12-26,4831,1600000
2018-03-18,1396-12-27,4819,1606000
2018-03-19,1396-12-28,4857,1616600
2018-03-20,1396-12-29,4899,1614300
2018-03-24,1397-01-04,4921,1614300
2018-03-25,1397-01-05,4991,1636100
2018-03-26,1397-01-06,5103,1710000
2018-03-27,1397-01-07,5049,1712500
2018-03-28,1397-01-08,5046,1705000
2018-03-29,1397-01-09,5045,1725000
2018-03-30,1397-01-10,5102,1725000
2018-03-31,1397-01-11,5080,1725000
2018-04-01,1397-01-12,5029,1725000
2018-04-02,1397-01-13,5080,1725000
2018-04-03,1397-01-14,5054,1729000
2018-04-04,1397-01-15,5056,1736000
2018-04-05,1397-01-16,5094,1749000
2018-04-07,1397-01-18,5171,1783000
2018-04-08,1397-01-19,5660,1930000
2018-04-09,1397-01-20,5865,1955000
2018-04-11,1397-01-22,4200,1791000
2018-04-12,1397-01-23,5725.2,1785000
2018-04-18,1397-01-29,5602.255,1840000
2018-04-19,1397-01-30,5523.35,1829000
2018-04-20,1397-01-31,5460.96,1829000
2018-04-21,1397-02-01,5560.05,1835000
2018-04-23,1397-02-03,5541.7,1770000
2018-04-24,1397-02-04,5505,1760000
2018-04-25,1397-02-05,5510.505,1747000
2018-04-26,1397-02-06,5565.555,1767000
2018-04-28,1397-02-08,5602.255,1800000
2018-04-29,1397-02-09,5539.865,1845000
2018-04-30,1397-02-10,5605.925,1855000
2018-05-01,1397-02-11,5802.27,1900000
2018-05-02,1397-02-12,5950.905,1900000
2018-05-03,1397-02-13,6066.51,1960000
2018-05-05,1397-02-15,6305.06,2047500
2018-05-06,1397-02-16,6317.905,2037000
2018-05-07,1397-02-17,6083.025,1898000
2018-05-08,1397-02-18,6172.94,2002000
2018-05-09,1397-02-19,6360.11,2019000
2018-05-10,1397-02-20,6481.22,2103000
2018-05-11,1397-02-21,6657.38,2103000
2018-05-12,1397-02-22,6585.815,2058000
2018-05-13,1397-02-23,6492.23,1979000
2018-05-14,1397-02-24,6273.865,1904000
2018-05-15,1397-02-25,6306.895,1905000
2018-05-16,1397-02-26,6305.06,1938000
2018-05-17,1397-02-27,6250.01,1975000
2018-05-19,1397-02-29,6176.61,1936000
2018-05-20,1397-02-30,6103.21,1956000
2018-05-21,1397-02-31,6275.7,1996000
2018-05-22,1397-03-01,6345.43,2013000
2018-05-23,1397-03-02,6321.575,2007000
2018-05-24,1397-03-03,6292.215,2036000
2018-05-25,1397-03-04,6306.895,2036000
2018-05-26,1397-03-05,6319.74,2031000
2018-05-27,1397-03-06,6350.935,2045000
2018-05-28,1397-03-07,6317.905,2077500
2018-05-29,1397-03-08,6259.185,2145000
2018-05-30,1397-03-09,6394.975,2149500
2018-05-31,1397-03-10,6398.645,2155000
2018-06-01,1397-03-11,6444.52,2155000
2018-06-02,1397-03-12,6407.82,2138000
2018-06-03,1397-03-13,6385.8,2174500
2018-06-04,1397-03-14,6391.305,2174500
2018-06-05,1397-03-15,6431.675,2221000
2018-06-06,1397-03-16,6461.035,2215000
2018-06-07,1397-03-17,6495.9,2244000
2018-06-08,1397-03-18,6435.345,2225000
2018-06-09,1397-03-19,6530.765,2327000
2018-06-10,1397-03-20,6523.425,2453500
2018-06-11,1397-03-21,6675.73,2475500
2018-06-12,1397-03-22,6932.63,2524500
2018-06-13,1397-03-23,7009.7,2512500
2018-06-14,1397-03-24,6758.305,2395500
2018-06-15,1397-03-25,6736.285,2386500
2018-06-16,1397-03-26,6848.22,2383000
2018-06-17,1397-03-27,6923.455,2453500
2018-06-18,1397-03-28,7077.595,2493000
2018-06-19,1397-03-29,7143.655,2520000
2018-06-20,1397-03-30,7303.3,2553000
2018-06-21,1397-03-31,7459.275,2582000
2018-06-22,1397-04-01,7486.8,2594500
2018-06-23,1397-04-02,7785.905,2821000
2018-06-24,1397-04-03,8521.74,2976000
2018-06-25,1397-04-04,8444.67,2816000
2018-06-26,1397-04-05,8090.515,2822000
2018-06-27,1397-04-06,7903.345,2870000
2018-06-28,1397-04-07,8202.45,2900000
2018-06-29,1397-04-08,8255.665,2920000
2018-06-30,1397-04-09,8154.74,2862500
2018-07-01,1397-04-10,8163.915,2992000
2018-07-02,1397-04-11,8371.27,2983000
2018-07-03,1397-04-12,8242.82,2956000
2018-07-04,1397-04-13,8044.64,2870000
2018-07-05,1397-04-14,7822.605,2747000
2018-07-07,1397-04-16,7870.315,2892000
2018-07-08,1397-04-17,7967.57,2872000
2018-07-09,1397-04-18,7905.18,2850000
2018-07-10,1397-04-19,7879.49,2740000
2018-07-11,1397-04-20,7703.33,2660000
2018-07-12,1397-04-21,7806.09,2715000
2018-07-14,1397-04-23,7892.335,2857000
2018-07-15,1397-04-24,8129.05,2824000
2018-07-16,1397-04-25,7998.765,2745000
2018-07-17,1397-04-26,7967.57,2860000
2018-07-18,1397-04-27,8202.45,2892500
2018-07-19,1397-04-28,8263.005,2993000
2018-07-21,1397-04-30,8422.65,3157000
2018-07-22,1397-04-31,8815.34,3253500
2018-07-23,1397-05-01,9202.525,3403500
2018-07-24,1397-05-02,9334.645,3473000
2018-07-25,1397-05-03,9296.11,3351000
2018-07-26,1397-05-04,9338.315,3475000
2018-07-28,1397-05-06,9483.28,3870000
2018-07-29,1397-05-07,10943.94,4511000
2018-07-30,1397-05-08,11261.395,4511000
2018-07-31,1397-05-09,10487.025,3905000
2018-08-01,1397-05-10,10652.175,3788000
2018-08-02,1397-05-11,10428.305,4060000
2018-08-04,1397-05-13,10613.64,3731000
2018-08-05,1397-05-14,9826.425,3665000
2018-08-06,1397-05-15,9604.39,3435000
2018-08-06,1397-05-15,9604.39,3435000
2018-08-07,1397-05-16,9307.12,3060000
2018-08-08,1397-05-17,9824.59,3765000
2018-08-09,1397-05-18,10142.045,3815000
2018-08-10,1397-05-19,10142.045,3816000
2018-08-11,1397-05-20,10587.95,3840000
2018-08-12,1397-05-21,10160.395,3698000
2018-08-13,1397-05-22,10626,3845000
2018-08-14,1397-05-23,10555,3875000
2018-08-15,1397-05-24,10503,3733000
2018-08-16,1397-05-25,10709,3800000
2018-08-17,1397-05-26,10712,3800000
2018-08-18,1397-05-27,10330,3715000
2018-08-19,1397-05-28,10305,3778000
2018-08-20,1397-05-29,10414,3801000
2018-08-21,1397-05-30,10584,3870000
2018-08-22,1397-05-31,10546,3865000
2018-08-23,1397-06-01,10509,3838000
2018-08-24,1397-06-02,10279,3818000
2018-08-25,1397-06-03,10439,3798000
2018-08-26,1397-06-04,10543,3854000
2018-08-27,1397-06-05,10715,3972000
2018-08-28,1397-06-06,11061,4025000
2018-08-29,1397-06-07,11011,4074000
2018-08-30,1397-06-08,11035,4048000
2018-08-31,1397-06-09,10997,4033000
2018-09-01,1397-06-10,11189,4174000
2018-09-02,1397-06-11,11977,4440000
2018-09-04,1397-06-13,12795,4570000
2018-09-05,1397-06-14,13689,4570000
2018-09-06,1397-06-15,13511,4380000
2018-09-08,1397-06-17,13447,4145000
2018-09-09,1397-06-18,12963,4190000
2018-09-10,1397-06-19,13816,4380000
2018-09-11,1397-06-20,13533,4403000
2018-09-12,1397-06-21,13716,4391000
2018-09-13,1397-06-22,13760,4403000
2018-09-15,1397-06-24,13907,4435000
2018-09-16,1397-06-25,14270,4553000
2018-09-17,1397-06-26,14365,4545000
2018-09-18,1397-06-27,14588,4588000
2018-09-22,1397-06-31,14390,4485000
2018-09-23,1397-07-01,14934,4605000
2018-09-24,1397-07-02,16000,4763000
2018-09-25,1397-07-03,16980,4910000
2018-09-26,1397-07-04,18668,5500000
2018-09-27,1397-07-05,17539,5300000
2018-09-29,1397-07-07,17316,5200000
2018-09-30,1397-07-08,17200,5050000
2018-10-01,1397-07-09,15650,4850000
2018-10-02,1397-07-10,15000,4850000
2018-10-03,1397-07-11,14700,4450000
2018-10-04,1397-07-12,14100,4200000
2018-10-05,1397-07-13,14100,4200000
2018-10-06,1397-07-14,13350,4050000
2018-10-07,1397-07-15,12700,4050000
2018-10-08,1397-07-16,14200,4450000
2018-10-09,1397-07-17,14950,4750000
2018-10-10,1397-07-18,14700,4750000
2018-10-11,1397-07-19,14500,4550000
2018-10-12,1397-07-20,14500,4550000
2018-10-13,1397-07-21,14200,4400000
2018-10-14,1397-07-22,14200,4400000
2018-10-15,1397-07-23,14150,4400000
2018-10-16,1397-07-24,14250,4550000
2018-10-17,1397-07-25,14000,4350000
2018-10-18,1397-07-26,13950,4350000
2018-10-19,1397-07-27,13950,4350000
2018-10-20,1397-07-28,13600,4150000
2018-10-21,1397-07-29,14000,4325000
2018-10-22,1397-07-30,14000,4430000
2018-10-23,1397-08-01,13850,4340000
2018-10-24,1397-08-02,13800,4260000
2018-10-25,1397-08-03,13800,4260000
2018-10-26,1397-08-04,13800,4260000
2018-10-27,1397-08-05,14200,4400000
2018-10-28,1397-08-06,14550,4565000
2018-10-29,1397-08-07,14800,4730000
2018-10-30,1397-08-08,14800,4730000
2018-10-31,1397-08-09,15250,4955000
2018-11-01,1397-08-10,14450,4490000
2018-11-02,1397-08-11,14450,4490000
2018-11-03,1397-08-12,14450,4545000
2018-11-04,1397-08-13,14900,4740000
2018-11-05,1397-08-14,14850,4655000
2018-11-06,1397-08-15,14650,4650000
2018-11-07,1397-08-16,14650,4650000
2018-11-08,1397-08-17,14650,4650000
2018-11-09,1397-08-18,14650,4650000
2018-11-10,1397-08-19,14400,4500000
2018-11-11,1397-08-20,14100,4460000
2018-11-12,1397-08-21,13850,4300000
2018-11-13,1397-08-22,13500,4170000
2018-11-14,1397-08-23,13000,4000000
2018-11-15,1397-08-24,12550,3825000
2018-11-16,1397-08-25,12550,3825000
2018-11-17,1397-08-26,12950,4185000
2018-11-18,1397-08-27,13500,4365000
2018-11-19,1397-08-28,13150,4090000
2018-11-20,1397-08-29,13200,4100000
2018-11-21,1397-08-30,13100,4155000
2018-11-22,1397-09-01,12800,4010000
2018-11-23,1397-09-02,12800,4010000
2018-11-24,1397-09-03,12700,4030000
2018-11-25,1397-09-04,12700,4030000
2018-11-26,1397-09-05,12500,3980000
2018-11-27,1397-09-06,12200,3800000
2018-11-28,1397-09-07,11600,3780000
2018-11-29,1397-09-08,11700,3780000
2018-11-30,1397-09-09,11700,3780000
2018-12-01,1397-09-10,11500,3730000
2018-12-02,1397-09-11,12000,3875000
2018-12-03,1397-09-12,11600,3765000
2018-12-04,1397-09-13,11700,3755000
2018-12-05,1397-09-14,11600,3755000
2018-12-06,1397-09-15,11800,3860000
2018-12-07,1397-09-16,11800,3860000
2018-12-08,1397-09-17,11700,3880000
2018-12-09,1397-09-18,11400,3850000
2018-12-10,1397-09-19,11100,3730000
2018-12-11,1397-09-20,10600,3630000
2018-12-12,1397-09-21,10550,3650000
2018-12-13,1397-09-22,10750,3770000
2018-12-14,1397-09-23,10750,3770000
2018-12-15,1397-09-24,10350,3520000
2018-12-16,1397-09-25,10250,3470000
2018-12-17,1397-09-26,10300,3480000
2018-12-18,1397-09-27,10250,3400000
2018-12-19,1397-09-28,10300,3470000
2018-12-20,1397-09-29,10350,3450000
2018-12-21,1397-09-30,10350,3450000
2018-12-22,1397-10-01,10400,3440000
2018-12-23,1397-10-02,10600,3440000
2018-12-24,1397-10-03,10750,3520000
2018-12-25,1397-10-04,12000,3840000
2018-12-26,1397-10-05,11800,3690000
2018-12-27,1397-10-06,11350,3620000
2018-12-28,1397-10-07,11350,3620000
2018-12-29,1397-10-08,11000,3570000
2018-12-30,1397-10-09,11200,3650000
2018-12-31,1397-10-10,11400,3750000
2019-01-01,1397-10-11,11200,3650000
2019-01-02,1397-10-12,11000,3650000
2019-01-03,1397-10-13,11200,3675000
2019-01-04,1397-10-14,11200,3675000
2019-01-05,1397-10-15,11000,3640000
2019-01-06,1397-10-16,11000,3640000
2019-01-07,1397-10-17,11350,3800000
2019-01-08,1397-10-18,11300,3800000
2019-01-09,1397-10-19,11300,3800000
2019-01-10,1397-10-20,11500,3840000
2019-01-11,1397-10-21,11500,3840000
2019-01-12,1397-10-22,12000,3935000
2019-01-13,1397-10-23,11850,3960000
2019-01-14,1397-10-24,11600,3875000
2019-01-15,1397-10-25,11700,3815000
2019-01-16,1397-10-26,11900,3930000
2019-01-17,1397-10-27,11900,3950000
2019-01-18,1397-10-28,11900,3950000
2019-01-19,1397-10-29,11900,3975000
2019-01-20,1397-10-30,12200,4055000
2019-01-21,1397-11-01,12200,4120000
2019-01-22,1397-11-02,12000,4070000
2019-01-23,1397-11-03,12000,4070000
2019-01-24,1397-11-04,12000,4095000
2019-01-25,1397-11-05,12000,4095000
2019-01-26,1397-11-06,12200,4160000
2019-01-27,1397-11-07,12200,4180000
2019-01-28,1397-11-08,11800,4235000
2019-01-29,1397-11-09,11830,4300000
2019-01-30,1397-11-10,11945,4205000
2019-01-31,1397-11-11,11850,4138000
2019-02-01,1397-11-12,12200,4180000
2019-02-02,1397-11-13,11300,3978000
2019-02-03,1397-11-14,11000,4092000
2019-02-04,1397-11-15,11650,4160000
2019-02-05,1397-11-16,11750,4211000
2019-02-06,1397-11-17,11850,4195000
2019-02-07,1397-11-18,11645,4141000
2019-02-08,1397-11-19,12100,4160000
2019-02-09,1397-11-20,12100,4160000
2019-02-10,1397-11-21,11710,4234000
2019-02-11,1397-11-22,12250,4270000
2019-02-12,1397-11-23,11900,4277000
2019-02-13,1397-11-24,11930,4293500
2019-02-14,1397-11-25,11850,4249000
2019-02-15,1397-11-26,12300,4300000
2019-02-16,1397-11-27,12100,4323500
2019-02-17,1397-11-28,12350,4362500
2019-02-18,1397-11-29,12900,4448000
2019-02-19,1397-11-30,12800,4483500
2019-02-20,1397-12-01,12970,4597000
2019-02-21,1397-12-02,12970,4596000
2019-02-22,1397-12-03,13550,4615000
2019-02-23,1397-12-04,12500,4699000
2019-02-24,1397-12-05,13650,4789500
2019-02-25,1397-12-06,13450,4648000
2019-02-26,1397-12-07,13300,4663000
2019-02-27,1397-12-08,13250,4640000
2019-02-28,1397-12-09,13200,4610000
2019-03-01,1397-12-10,13550,4620000
2019-03-02,1397-12-11,13450,4599000
2019-03-03,1397-12-12,12986,4515000
2019-03-04,1397-12-13,12707,4418000
2019-03-05,1397-12-14,12598,4510000
2019-03-06,1397-12-15,13154,4499000
2019-03-07,1397-12-16,13037,4456000
2019-03-08,1397-12-17,13037,4456000
2019-03-09,1397-12-18,13151,4549000
2019-03-10,1397-12-19,13042,4495000
2019-03-11,1397-12-20,12905,4469000
2019-03-12,1397-12-21,12847,4458000
2019-03-13,1397-12-22,12855,4652000
2019-03-14,1397-12-23,13102,4637000
2019-03-15,1397-12-24,13102,4637000
2019-03-16,1397-12-25,12985,4603000
2019-03-17,1397-12-26,12985,4552000
2019-03-18,1397-12-27,12985,4614000
2019-03-19,1397-12-28,12894,4662000
2019-03-20,1397-12-29,12894,4662000
2019-03-21,1398-01-01,12894,4662000
2019-03-22,1398-01-02,12894,4662000
2019-03-23,1398-01-03,12894,4662000
2019-03-24,1398-01-04,12894,4662000
2019-03-25,1398-01-05,12952,4629000
2019-03-26,1398-01-06,12951,4653000
2019-03-27,1398-01-07,12942,4684000
2019-03-28,1398-01-08,13189,4684000
2019-03-29,1398-01-09,13189,4684000
2019-03-30,1398-01-10,13200,4667000
2019-03-31,1398-01-11,13200,4678000
2019-04-01,1398-01-12,13200,4678000
2019-04-02,1398-01-13,13200,4678000
2019-04-03,1398-01-14,13200,4678000
2019-04-04,1398-01-15,13200,4656000
2019-04-05,1398-01-16,13200,4656000
2019-04-06,1398-01-17,13190,4748000
2019-04-07,1398-01-18,13391,4843000
2019-04-08,1398-01-19,13690,4992000
2019-04-09,1398-01-20,14175,4966000
2019-04-10,1398-01-21,13750,4844000
2019-04-11,1398-01-22,13731,4776000
2019-04-12,1398-01-23,13731,4776000
2019-04-13,1398-01-24,13600,4776000
2019-04-14,1398-01-25,13450,4817000
2019-04-15,1398-01-26,13690,4850000
2019-04-16,1398-01-27,13543,4675000
2019-04-17,1398-01-28,13401,4752000
2019-04-18,1398-01-29,13479,4725000
2019-04-19,1398-01-30,13479,4725000
2019-04-20,1398-01-31,13546,4738000
2019-04-21,1398-02-01,13546,4738000
2019-04-22,1398-02-02,13760,4866000
2019-04-23,1398-02-03,13792,4853000
2019-04-24,1398-02-04,13799,4907000
2019-04-25,1398-02-05,13812,4896000
2019-04-26,1398-02-06,13812,4896000
2019-04-27,1398-02-07,13846,4990000
2019-04-28,1398-02-08,14147,5011000
2019-04-29,1398-02-09,14151,4972000
2019-04-30,1398-02-10,14151,4972000
2019-05-01,1398-02-11,14250.00,5008000.00
2019-05-02,1398-02-12,14241.00,5021000.00
2019-05-03,1398-02-13,14241.00,5021000.00
2019-05-04,1398-02-14,14496.00,5063000.00
2019-05-05,1398-02-15,14745.00,5023000.00
2019-05-06,1398-02-16,14700.00,5110000.00
2019-05-07,1398-02-17,14948.00,5126000.00
2019-05-08,1398-02-18,14990.00,5150000.00
2019-05-09,1398-02-19,15350.00,5160000.00
2019-05-10,1398-02-20,15350.00,5160000.00
2019-05-11,1398-02-21,14950.00,5086000.00
2019-05-12,1398-02-22,14650.00,4995000.00
2019-05-13,1398-02-23,14836.00,5010000.00
2019-05-14,1398-02-24,14850.00,5048000.00
2019-05-15,1398-02-25,14843.00,4981000.00
2019-05-16,1398-02-26,14647.00,4944000.00
2019-05-17,1398-02-27,14647.00,4944000.00
2019-05-18,1398-02-28,14550.00,4893000.00
2019-05-19,1398-02-29,14500.00,4809000.00
2019-05-20,1398-02-30,13750.00,4692000.00
2019-05-21,1398-02-31,13747.00,4731000.00
2019-05-22,1398-03-01,13950.00,4828000.00
2019-05-23,1398-03-02,14046.00,4766000.00
2019-05-24,1398-03-03,14046.00,4766000.00
2019-05-25,1398-03-04,13957.00,4787000.00
2019-05-26,1398-03-05,13850.00,4816000.00
2019-05-27,1398-03-06,13850.00,4816000.00
2019-05-28,1398-03-07,13750.00,4614000.00
2019-05-29,1398-03-08,13400.00,4626000.00
2019-05-30,1398-03-09,13537.00,4624000.00
2019-05-31,1398-03-10,13537.00,4624000.00
2019-06-01,1398-03-11,13550.00,4628000.00
2019-06-02,1398-03-12,13239.00,4542000.00
2019-06-03,1398-03-13,13098.00,4552000.00
2019-06-04,1398-03-14,13098.00,4552000.00
2019-06-05,1398-03-15,13098.00,4552000.00
2019-06-06,1398-03-16,13098.00,4552000.00
2019-06-07,1398-03-17,13098.00,4552000.00
2019-06-08,1398-03-18,13090.00,4525000.00
2019-06-09,1398-03-19,12697.00,4466000.00
2019-06-10,1398-03-20,12845.00,4528000.00
2019-06-11,1398-03-21,12845.00,4499000.00
2019-06-12,1398-03-22,12900.00,4512000.00
2019-06-13,1398-03-23,12900.00,4568000.00
2019-06-14,1398-03-24,12900.00,4568000.00
2019-06-15,1398-03-25,12936.00,4700000.00
2019-06-16,1398-03-26,13494.00,4755000.00
2019-06-16,1398-03-26,13494.00,4661000.00
2019-06-17,1398-03-27,13336.00,4619000.00
2019-06-18,1398-03-28,13202.00,4640000.00
2019-06-19,1398-03-29,13095.00,4703000.00
2019-06-20,1398-03-30,13200.00,4703000.00
2019-06-21,1398-03-31,13200.00,4604000.00
2019-06-22,1398-04-01,13000.00,4697000.00
2019-06-23,1398-04-02,13400.00,4740000.00
2019-06-24,1398-04-03,13400.00,4720000.00
2019-06-25,1398-04-04,13300.00,4660000.00
2019-06-26,1398-04-05,13250.00,4660000.00
2019-06-27,1398-04-06,13250.00,4660000.00
2019-06-28,1398-04-07,13250.00,4660000.00
2019-06-29,1398-04-08,13250.00,4550000.00
2019-06-30,1398-04-09,12950.00,4570000.00
2019-07-01,1398-04-10,13050.00,4550000.00
2019-07-02,1398-04-11,13000.00,4560000.00
2019-07-03,1398-04-12,13050.00,4580000.00
2019-07-04,1398-04-13,13150.00,4580000.00
2019-07-05,1398-04-14,13150.00,4580000.00
2019-07-06,1398-04-15,13150.00,4600000.00
2019-07-07,1398-04-16,13050.00,4590000.00
2019-07-08,1398-04-17,12950.00,4560000.00
2019-07-09,1398-04-18,12950.00,4560000.00
2019-07-10,1398-04-19,13000.00,4530000.00
2019-07-11,1398-04-20,12950.00,4530000.00
2019-07-12,1398-04-21,12950.00,4490000.00
2019-07-13,1398-04-22,12800.00,4400000.00
2019-07-14,1398-04-23,12500.00,4400000.00
2019-07-15,1398-04-24,12500.00,4400000.00
2019-07-16,1398-04-25,12500.00,4400000.00
2019-07-17,1398-04-26,12500.00,4400000.00
2019-07-18,1398-04-27,12500.00,4400000.00
2019-07-19,1398-04-28,12500.00,4400000.00
